consensus sequence output,Number of input sequences considered,sequence found in vulgar file,number of aligned reads,# skipped reads due to low rel. score,Length of alignment,Coverage minimum,Coverage maximum,Coverage mean,Coverage median,Sequence Length,N Count,Dash and Tilde Count,Non-GTAC Count,BLAST Title,BLAST Score,BLAST Alignment Length,BLAST Identity,BLAST Percent Identity,BLAST Gaps,BLAST Query Coverage,BLAST Subject Coverage,BLAST Accession
BSNHM100-24,484,0,0,0,1533,0,0,0.0,0,0,0,0,0,,,,,,,,,
BSNHM148-24,12311694,4776,4765,2,1533,30,563,243.28,248,1533,0,0,0,"gi|2626074295|gb|ON711236.1| Tinodes lini mitochondrion, complete genome",2296.0,1533.0,1379.0,89.95433789954338,0.0,1-1533,1425-2957,ON711236
BSNHM051-24,4397614,16,14,2,1530,0,4,0.7,0,447,0,1083,1083,,,,,,,,,
BSNHM057-24,3241952,95,95,0,1533,0,13,6.39,7,1470,0,63,63,"gi|2424880258|ref|NC_069264.1| Kisaura zhejiangensis (nom. nud.) mitochondrion, complete genome >gi|2363797553|gb|OL678025.1| Kisaura zhejiangensis (nom. nud.) mitochondrion, complete genome",1719.0,1505.0,1242.0,82.5249169435216,49.0,1-1458,1424-2926,NC_069264
BSNHM095-24,17028925,222,212,7,1533,0,39,10.54,10,1486,8,39,47,"gi|1880642432|gb|MT483684.1| Rhyacophila nubila mitochondrion, partial genome",1898.0,1533.0,1292.0,84.2791911285062,39.0,1-1494,127-1659,MT483684
BSNHM149-24,3981904,178,174,4,1533,0,34,10.23,9,1322,7,204,211,,,,,,,,,
BSNHM103-24,5123494,22,22,0,1530,0,16,1.0,0,150,0,1380,1380,"gi|201066572|gb|EU682674.1| Penaincisalia tegulina strain DNA099-Peru cytochrome c oxidase subunit I (COI) gene, partial cds; mitochondrial",164.0,87.0,85.0,97.70114942528735,0.0,64-150,267-353,EU682674
BSNHM098-24,16579240,440,423,15,1533,0,59,23.04,21,1419,0,114,114,"gi|298289368|gb|HM243591.1| Kallima inachus mitochondrion, complete genome",1481.0,1321.0,1092.0,82.66464799394399,4.0,7-1325,1494-2812,HM243591
BSNHM142-24,3428154,107,101,6,1533,0,17,6.03,6,1468,5,60,65,"gi|2424880244|ref|NC_069263.1| Hydroptila angulata mitochondrion, complete genome >gi|2363797525|gb|OL678023.1| Hydroptila angulata mitochondrion, complete genome",1513.0,1421.0,1155.0,81.2807881773399,16.0,67-1473,1569-2987,NC_069263
BSNHM178-24,10440835,92,76,14,1533,0,15,4.07,4,929,43,561,604,,,,,,,,,
BSNHM132-24,6859051,278,191,78,1539,0,52,13.62,10,1285,86,168,254,"gi|407894523|gb|CP003872.1| Acidovorax sp. KKS102, complete genome",714.0,1142.0,816.0,71.45359019264448,19.0,217-1353,4181004-4179877,CP003872
BSNHM161-24,5596017,405,266,117,1530,0,71,23.56,20,1362,42,126,168,"gi|223009724|gb|FJ383362.1| Homo sapiens isolate SK53 mitochondrion, complete genome",1434.0,1376.0,1107.0,80.45058139534885,10.0,13-1383,5930-7300,FJ383362
BSNHM018-24,4472426,387,379,8,1533,0,50,22.23,24,1446,0,87,87,"gi|1128614129|gb|KU219626.1| Sevenia occidentalium voucher E. Ounap 966 cytochrome oxidase subunit I (COI) gene, partial cds; mitochondrial",1591.0,1444.0,1189.0,82.34072022160665,8.0,1-1440,7-1446,KU219626
BSNHM041-24,1573233,1091,1069,10,1533,4,160,61.61,58,1533,0,0,0,"gi|1904804501|ref|NC_050261.1| Issoria eugenia mitochondrion, complete genome >gi|1878254074|gb|MK598743.1| Issoria eugenia mitochondrion, complete genome",1468.0,1528.0,1218.0,79.71204188481676,22.0,7-1523,1469-2985,NC_050261
BSNHM006-24,14213927,423,396,26,1533,0,68,22.39,19,1461,12,60,72,"gi|2125666931|emb|OU911060.1| Melinaea menophilus n. ssp. AW-2005 genome assembly, organelle: mitochondrion",1528.0,1356.0,1117.0,82.37463126843659,0.0,1-1356,4837-3482,OU911060
BSNHM007-24,4236930,200,197,3,1533,0,37,11.58,12,1401,0,132,132,"gi|1511253911|ref|NC_039659.1| Triaenodes tardus voucher JBWM0361497 mitochondrion, complete genome >gi|1473044016|gb|MG201852.1| Triaenodes tardus voucher JBWM0361497 mitochondrion, complete genome",1776.0,1400.0,1196.0,85.42857142857143,6.0,1-1397,1409-2805,NC_039659
BSNHM181-24,3623063,148,144,2,1533,0,24,7.69,6,1466,4,63,67,"gi|1880642432|gb|MT483684.1| Rhyacophila nubila mitochondrion, partial genome",2118.0,1506.0,1320.0,87.64940239043824,42.0,1-1464,136-1641,MT483684
BSNHM139-24,2006647,56,1,55,1530,0,1,0.05,0,81,0,1449,1449,,,,,,,,,
BSNHM159-24,4074250,61,61,0,1533,0,11,3.17,2,977,1,555,556,"gi|331271451|gb|JF681034.1| Papilio ulysses voucher CBGPFLC_00362 cytochrome oxidase subunit I (COI) gene, partial cds; mitochondrial",464.0,535.0,405.0,75.70093457943925,68.0,371-837,636-1170,JF681034
BSNHM176-24,4018887,616,615,1,1533,0,112,39.03,36,1524,0,9,9,"gi|2363797721|gb|OL678038.1| Orthotrichia sp. XG-2021 mitochondrion, complete genome",1575.0,1528.0,1236.0,80.89005235602095,14.0,1-1521,1466-2986,OL678038
BSNHM009-24,10368828,237,223,13,1533,0,30,11.93,10,1422,45,66,111,gi|1880643358|gb|MT628556.1| Halesus radiatus isolate DM1253 mitochondrion,1436.0,1534.0,1190.0,77.57496740547587,68.0,1-1467,8543-10075,MT628556
BSNHM094-24,3328181,99,92,6,1533,0,20,4.89,4,1372,14,147,161,"gi|2626074295|gb|ON711236.1| Tinodes lini mitochondrion, complete genome",1318.0,1491.0,1147.0,76.92823608316566,107.0,1-1385,1425-2914,ON711236
BSNHM128-24,943707,28,18,10,1539,0,12,1.19,0,435,6,1098,1104,,,,,,,,,
BSNHM089-24,1764859,72,31,41,1533,0,13,2.16,1,855,9,669,678,,,,,,,,,
BSNHM013-24,3309654,166,162,4,1530,0,32,9.39,8,1392,9,129,138,"gi|571032511|gb|KF756944.1| Apatania sp. YW-2014 mitochondrion, partial genome",1366.0,1174.0,972.0,82.793867120954,44.0,1-1131,832-2004,KF756944
BSNHM047-24,1586472,1479,1474,3,1533,14,230,82.94,83,1533,0,0,0,"gi|2626074295|gb|ON711236.1| Tinodes lini mitochondrion, complete genome",2161.0,1533.0,1352.0,88.19308545335942,0.0,1-1533,1425-2957,ON711236
BSNHM180-24,11570564,562,560,0,1533,2,70,28.23,26,1533,0,0,0,"gi|2489640675|ref|NC_073525.1| Wormaldia spinosa mitochondrion, complete genome >gi|2465307397|gb|OP351518.1| Wormaldia spinosa mitochondrion, complete genome",1866.0,1533.0,1293.0,84.34442270058709,0.0,1-1533,1383-2915,NC_073525
BSNHM064-24,2947174,74,68,6,1533,0,12,3.7,2,1206,12,315,327,"gi|2363797539|gb|OL678024.1| Hydroptila sp. XG-2021 mitochondrion, complete genome",633.0,1169.0,817.0,69.88879384088965,78.0,1-1091,1468-2636,OL678024
BSNHM075-24,1715669,17,9,8,1533,0,5,0.8,0,285,0,1248,1248,,,,,,,,,
BSNHM140-24,5245369,3827,3737,78,1539,78,507,255.47,245,1539,0,0,0,"gi|2180475708|gb|MT483625.1| Leuctra hippopus mitochondrion, partial genome",2258.0,1539.0,1375.0,89.34372969460689,0.0,1-1539,11258-12796,MT483625
BSNHM131-24,4226478,187,182,0,1533,0,32,9.94,9,1479,0,54,54,gi|1880643304|gb|MT584167.1| Micropterna lateralis isolate DM1255 mitochondrion,1844.0,1539.0,1284.0,83.4307992202729,66.0,1-1479,8041-9573,MT584167
BSNHM173-24,1716200,8,8,0,1566,0,4,0.41,0,238,14,1314,1328,,,,,,,,,
BSNHM166-24,3968531,300,298,0,1533,2,32,17.01,16,1533,0,0,0,gi|1880643358|gb|MT628556.1| Halesus radiatus isolate DM1253 mitochondrion,2901.0,1533.0,1500.0,97.84735812133071,0.0,1-1533,8543-10075,MT628556
BSNHM144-24,14394879,737,732,1,1533,4,129,39.16,32,1533,0,0,0,"gi|2120474998|ref|NC_058292.1| Lispe assimilis isolate L01410 mitochondrion, complete genome >gi|2037095574|gb|MK607086.1| Lispe assimilis isolate L01410 mitochondrion, complete genome",1790.0,1533.0,1282.0,83.62687540769733,14.0,1-1526,1359-2884,NC_058292
BSNHM090-24,1821975,29,15,13,1533,0,7,1.08,0,719,16,798,814,,,,,,,,,
BSNHM036-24,2295511,0,0,0,1533,0,0,0.0,0,0,0,0,0,,,,,,,,,
BSNHM017-24,5061901,908,886,0,1533,25,93,57.28,56,1533,0,0,0,"gi|2424880412|ref|NC_069275.1| Oxyethira ecornuta mitochondrion, complete genome >gi|2363797735|gb|OL678039.1| Oxyethira ecornuta mitochondrion, complete genome",1672.0,1531.0,1253.0,81.84193337687786,0.0,1-1531,1426-2956,NC_069275
BSNHM063-24,3414750,63,44,12,1533,0,14,2.41,1,847,8,678,686,"gi|2393060227|gb|OP965488.1| Nagara vitrea voucher RZ352 cytochrome c oxidase subunit I (COX1) gene, partial cds; mitochondrial",435.0,499.0,383.0,76.75350701402806,32.0,385-852,205-702,OP965488
BSNHM083-24,6386314,16,16,0,1533,0,12,1.42,0,266,1,1266,1267,,,,,,,,,
BSNHM154-24,4952610,177,177,0,1533,1,24,11.12,10,1527,6,0,6,"gi|2424880244|ref|NC_069263.1| Hydroptila angulata mitochondrion, complete genome >gi|2363797525|gb|OL678023.1| Hydroptila angulata mitochondrion, complete genome",1554.0,1536.0,1232.0,80.20833333333334,6.0,1-1533,1455-2987,NC_069263
BSNHM105-24,15010479,189,185,0,1539,0,32,8.85,8,1503,18,18,36,"gi|2587930909|ref|NC_082930.1| Ostrocerca truncata mitochondrion, complete genome >gi|2574167146|gb|OR398225.1| Ostrocerca truncata mitochondrion, complete genome",1609.0,1539.0,1241.0,80.63677712800519,18.0,1-1521,1499-3037,NC_082930
BSNHM137-24,650882,14,8,6,1533,0,8,0.5,0,96,0,1437,1437,,,,,,,,,
BSNHM160-24,2127716,75,66,8,1533,0,16,3.37,2,944,1,588,589,"gi|1040521242|gb|KX365588.1| Sericostoma sp. Sa05_04 cytochrome c oxidase subunit 1 gene, partial cds; mitochondrial >gi|1040521250|gb|KX365592.1| Sericostoma sp. Sa05_10 cytochrome c oxidase subunit 1 gene, partial cds; mitochondrial",534.0,267.0,267.0,100.0,0.0,364-630,530-796,KX365588
BSNHM062-24,21463753,4275,4253,7,1539,107,470,235.76,232,1539,0,0,0,"gi|2363796941|gb|OL677994.1| Micrasema sp. XG-2021 mitochondrion, partial genome",2286.0,1540.0,1382.0,89.74025974025975,1.0,1-1539,1399-2938,OL677994
BSNHM033-24,4050537,90,82,8,1533,0,18,4.43,4,1200,15,318,333,"gi|1907754563|gb|MT862379.1| Lithax obscurus isolate DM542 mitochondrion, partial genome",1139.0,966.0,799.0,82.71221532091097,33.0,127-1059,5488-6453,MT862379
BSNHM024-24,3056179,526,514,12,1533,0,104,27.9,22,1524,0,9,9,"gi|1880642432|gb|MT483684.1| Rhyacophila nubila mitochondrion, partial genome",1953.0,1524.0,1305.0,85.62992125984252,0.0,1-1524,136-1659,MT483684
BSNHM138-24,896,0,0,0,1530,0,0,0.0,0,0,0,0,0,,,,,,,,,
BSNHM124-24,10233811,302,301,1,1533,0,63,15.73,14,1365,0,168,168,gi|1880642414|gb|MT483679.1| Polycentropus flavomaculatus isolate DM1309 mitochondrion,2510.0,1365.0,1321.0,96.77655677655677,0.0,1-1365,5863-7227,MT483679
BSNHM031-24,3273298,93,75,18,1533,0,15,4.28,4,1376,22,135,157,"gi|300206632|gb|HM395948.1| Setodes punctatus voucher 09MNKK0393 cytochrome oxidase subunit 1 (COI) gene, partial cds; mitochondrial >gi|1049497973|gb|KX292067.1| Setodes punctatus voucher JSlk-2011F136 cytochrome oxidase subunit 1 (COI) gene, partial cds; mitochondrial >gi|1049499629|gb|KX294304.1| Setodes punctatus voucher JSlk-2011F135 cytochrome oxidase subunit 1 (COI) gene, partial cds; mitochondrial",693.0,461.0,413.0,89.587852494577,26.0,36-471,1-460,HM395948
BSNHM130-24,700485,8,8,0,1533,0,8,0.69,0,132,0,1401,1401,,,,,,,,,
BSNHM164-24,2274301,159,157,2,1539,0,30,8.63,8,1132,2,405,407,"gi|260452129|emb|FM213095.1| Tyrrhenoleuctra sp. TYCO-02 mitochondrial partial coi gene for cytochrome oxidase subunit I, specimen TYCO-02",576.0,322.0,307.0,95.34161490683229,12.0,825-1134,888-1209,FM213095
BSNHM019-24,4324726,1747,1740,1,1533,41,213,129.52,126,1533,0,0,0,"gi|2617469076|emb|OY756383.1| Ceraclea dissimilis genome assembly, organelle: mitochondrion",1774.0,1529.0,1276.0,83.45323741007195,6.0,1-1526,4863-3338,OY756383
BSNHM037-24,2464367,57,56,1,1533,0,17,2.8,2,850,2,681,683,"gi|323894319|gb|HQ959461.1| Trichoptera sp. BOLD:AAO2381 voucher HMCAD0810-81 cytochrome oxidase subunit 1 (COI) gene, partial cds; mitochondrial",319.0,230.0,201.0,87.39130434782608,9.0,176-396,225-454,HQ959461
BSNHM077-24,136,0,0,0,1533,0,0,0.0,0,0,0,0,0,,,,,,,,,
BSNHM183-24,3703205,25,23,2,1539,0,6,1.21,0,640,29,870,899,"gi|1214939306|gb|KY261428.1| Kageronia fuscogrisea voucher BCZSM_EPH_0063 cytochrome oxidase subunit 1 (COI) gene, partial cds; mitochondrial",291.0,246.0,200.0,81.30081300813008,0.0,112-357,113-358,KY261428
BSNHM065-24,3044450,488,466,16,1533,0,87,27.35,20,1502,1,30,31,"gi|1124157980|gb|KX866693.1| Dodona eugenes esakii isolate Rd011 cytochrome c oxidase subunit I (COI) gene, partial cds; tRNA-Leu gene, complete sequence; and cytochrome c oxidase subunit II (COII) gene, partial cds; mitochondrial >gi|1124157983|gb|KX866694.1| Dodona eugenes formosana isolate L0152 cytochrome c oxidase subunit I (COI) gene, partial cds; tRNA-Leu gene, complete sequence; and cytochrome c oxidase subunit II (COII) gene, partial cds; mitochondrial",1479.0,1429.0,1158.0,81.03568929321203,20.0,3-1418,3-1424,KX866693
BSNHM119-24,721537,10,10,0,1533,0,6,0.86,0,263,1,1269,1270,,,,,,,,,
BSNHM175-24,2519710,84,84,0,1539,0,14,4.41,4,1354,5,180,185,"gi|260452133|emb|FM213097.1| Tyrrhenoleuctra sp. TYAL-02 mitochondrial partial coi gene for cytochrome oxidase subunit I, specimen TYAL-02",1888.0,1285.0,1131.0,88.01556420233463,119.0,193-1359,1-1284,FM213097
BSNHM146-24,10973208,142,120,22,1533,0,24,7.2,7,1331,34,168,202,"gi|1042266647|gb|KX211959.1| Pan troglodytes troglodytes isolate Vaillant mitochondrion, complete genome",667.0,1117.0,800.0,71.62041181736795,4.0,10-1124,5339-6453,KX211959
BSNHM143-24,3474659,138,133,5,1533,1,17,7.51,8,1507,26,0,26,"gi|2116534817|emb|OU830605.1| Limnephilus lunatus genome assembly, organelle: mitochondrion",1762.0,1533.0,1267.0,82.64840182648402,0.0,1-1533,4819-3287,OU830605
BSNHM067-24,3523693,169,167,2,1533,1,31,9.23,8,1532,1,0,1,gi|1880643304|gb|MT584167.1| Micropterna lateralis isolate DM1255 mitochondrion,2000.0,1525.0,1315.0,86.22950819672131,0.0,1-1525,8041-9565,MT584167
BSNHM081-24,2576152,0,0,0,1533,0,0,0.0,0,0,0,0,0,,,,,,,,,
BSNHM121-24,7413606,132,125,7,1536,0,29,6.82,5,1253,1,282,283,"gi|1891019604|gb|MT410855.1| Silo nigricornis mitochondrion, partial genome",1074.0,1026.0,823.0,80.21442495126706,81.0,1-945,487-1512,MT410855
BSNHM126-24,18051902,1501,1499,0,1530,20,133,72.07,70,1530,0,0,0,"gi|291464770|gb|HM004123.1| Paegniodes cupulatus mitochondrion, complete genome",1658.0,1529.0,1249.0,81.6873773708306,0.0,1-1529,1427-2955,HM004123
BSNHM141-24,21426722,11274,11221,26,1539,265,1196,701.9,726,1539,0,0,0,"gi|2414552565|emb|OX387606.1| Protonemura montana genome assembly, chromosome: 4",3068.0,1539.0,1537.0,99.87004548408058,0.0,1-1539,5762301-5760763,OX387606
BSNHM092-24,3508121,78,78,0,1533,0,12,4.18,4,1203,0,330,330,gi|1880643358|gb|MT628556.1| Halesus radiatus isolate DM1253 mitochondrion,549.0,421.0,361.0,85.74821852731591,12.0,795-1203,9655-10075,MT628556
BSNHM025-24,7273779,175,122,52,1533,0,25,9.54,9,1158,57,318,375,,,,,,,,,
BSNHM048-24,4242504,802,802,0,1533,1,137,51.37,44,1533,0,0,0,"gi|1880642432|gb|MT483684.1| Rhyacophila nubila mitochondrion, partial genome",2029.0,1531.0,1326.0,86.61005878510777,2.0,4-1533,130-1659,MT483684
BSNHM073-24,13481467,185,185,0,1530,0,26,9.17,8,1455,3,72,75,"gi|2222650680|gb|MT483678.1| Silo pallipes mitochondrion, partial genome",2288.0,1506.0,1352.0,89.7742363877822,48.0,1-1458,10241-11746,MT483678
BSNHM043-24,12470772,1346,1341,0,1533,10,199,70.68,64,1533,0,0,0,gi|1880643197|gb|MT584152.1| Ylodes simulans isolate DM551 mitochondrion,2146.0,1533.0,1349.0,87.99739073711676,0.0,1-1533,8078-9610,MT584152
BSNHM136-24,3141242,296,287,7,1533,1,28,16.25,16,1531,2,0,2,"gi|2626074183|gb|ON711228.1| Psychomyia extensa mitochondrion, complete genome",2150.0,1536.0,1353.0,88.0859375,6.0,1-1533,1374-2906,ON711228
BSNHM010-24,3524792,43,21,22,1533,0,9,1.58,0,640,35,858,893,"gi|1608350199|gb|CP038440.1| Brevundimonas sp. MF30-B chromosome, complete genome",421.0,390.0,313.0,80.25641025641026,12.0,178-555,2208396-2208007,CP038440
BSNHM111-24,2650117,236,234,2,1533,2,34,12.7,10,1532,1,0,1,"gi|1747253724|ref|NC_044710.1| Limnephilus hyalinus voucher JBWM0379996 mitochondrion, complete genome >gi|1728348396|gb|MK077681.1| Limnephilus hyalinus voucher JBWM0379996 mitochondrion, complete genome",2332.0,1533.0,1386.0,90.41095890410958,0.0,1-1533,1416-2948,NC_044710
BSNHM102-24,10718296,219,216,3,1530,0,30,10.65,10,1511,1,18,19,"gi|2070647569|gb|MK642295.1| Cinygmina sp. 1 YW01BF06 mitochondrion, complete genome",1569.0,1528.0,1230.0,80.49738219895288,17.0,1-1512,1531-3057,MK642295
BSNHM147-24,3673610,841,825,11,1530,2,101,47.03,43,1530,0,0,0,"gi|1880642439|gb|MT483686.1| Limnephilus extricatus mitochondrion, partial genome",2326.0,1528.0,1382.0,90.44502617801047,0.0,1-1528,2-1529,MT483686
BSNHM109-24,2969309,107,83,18,1536,0,14,5.01,4,1286,19,231,250,"gi|2587929698|ref|NC_082908.1| Aoteapsyche colonica isolate 2A mitochondrion, complete genome >gi|2572826917|gb|OR414019.1| Aoteapsyche colonica isolate 2A mitochondrion, complete genome",794.0,1171.0,861.0,73.5269000853971,38.0,159-1301,1928-3088,NC_082908
BSNHM056-24,3935281,149,149,0,1533,0,26,8.49,8,1419,0,114,114,gi|1880643358|gb|MT628556.1| Halesus radiatus isolate DM1253 mitochondrion,2151.0,1282.0,1197.0,93.36973478939157,22.0,1-1260,8543-9824,MT628556
BSNHM117-24,3304620,88,70,18,1539,0,14,3.85,4,1299,48,192,240,,,,,,,,,
BSNHM115-24,2873349,2833,2827,2,1530,63,250,158.66,155,1530,0,0,0,"gi|2587929754|ref|NC_082912.1| Deleatidium vernale isolate 3A mitochondrion, complete genome >gi|2572826973|gb|OR414023.1| Deleatidium vernale isolate 3A mitochondrion, complete genome",1465.0,1520.0,1205.0,79.27631578947368,0.0,1-1520,2209-3728,NC_082912
BSNHM133-24,2981146,10,10,0,1530,0,10,0.31,0,48,0,1482,1482,,,,,,,,,
BSNHM016-24,1198349,36,36,0,1536,0,36,1.57,0,75,0,1461,1461,,,,,,,,,
BSNHM061-24,15371938,343,341,0,1533,2,55,17.99,15,1533,0,0,0,"gi|2510678316|emb|OX637365.1| Agapetus fuscipes genome assembly, organelle: mitochondrion",2316.0,1533.0,1383.0,90.21526418786692,0.0,1-1533,4841-3309,OX637365
BSNHM099-24,13759632,453,445,0,1533,0,58,20.3,18,1530,0,3,3,gi|1880643304|gb|MT584167.1| Micropterna lateralis isolate DM1255 mitochondrion,1993.0,1539.0,1323.0,85.96491228070175,15.0,1-1530,8041-9573,MT584167
BSNHM080-24,12890081,1646,1635,0,1530,28,187,86.94,78,1530,0,0,0,"gi|1880642439|gb|MT483686.1| Limnephilus extricatus mitochondrion, partial genome",2288.0,1529.0,1375.0,89.92805755395683,0.0,1-1529,2-1530,MT483686
BSNHM060-24,9536635,114,114,0,1533,0,22,5.99,6,1433,1,99,100,"gi|1880642432|gb|MT483684.1| Rhyacophila nubila mitochondrion, partial genome",1624.0,1374.0,1149.0,83.62445414847161,15.0,1-1359,166-1539,MT483684
BSNHM096-24,5860587,208,130,78,1530,0,28,9.94,9,1408,86,36,122,"gi|1613842741|gb|MF437126.1| Homo sapiens isolate 85 mitochondrion, complete genome",1111.0,1427.0,1061.0,74.35178696566223,31.0,1-1401,5916-7337,MF437126
BSNHM034-24,4323278,85,74,7,1533,0,16,4.18,4,1393,2,138,140,"gi|2424880440|ref|NC_069277.1| Plectrocnemia tortosa mitochondrion, complete genome >gi|2363797763|gb|OL678041.1| Plectrocnemia tortosa mitochondrion, complete genome",1906.0,1392.0,1208.0,86.7816091954023,60.0,1-1332,1293-2684,NC_069277
BSNHM035-24,2292135,84,63,21,1533,0,10,3.46,3,1081,20,432,452,,,,,,,,,
BSNHM046-24,1339815,128,126,2,1533,0,22,7.24,6,1259,1,273,274,gi|1880642414|gb|MT483679.1| Polycentropus flavomaculatus isolate DM1309 mitochondrion,1845.0,1143.0,1055.0,92.30096237970254,3.0,1-1140,5863-7005,MT483679
BSNHM082-24,2946752,746,742,2,1533,12,86,43.13,40,1533,0,0,0,"gi|2626074295|gb|ON711236.1| Tinodes lini mitochondrion, complete genome",2256.0,1533.0,1371.0,89.43248532289628,0.0,1-1533,1425-2957,ON711236
BSNHM044-24,7064285,419,411,0,1533,4,44,22.05,22,1533,0,0,0,"gi|2424880300|ref|NC_069267.1| Limnephilus abstrusus mitochondrion, complete genome >gi|2363797595|gb|OL678028.1| Limnephilus abstrusus mitochondrion, complete genome",2026.0,1533.0,1325.0,86.43183300717547,0.0,1-1533,1414-2946,NC_069267
BSNHM055-24,4850662,629,619,0,1533,9,69,39.91,41,1533,0,0,0,gi|1880643358|gb|MT628556.1| Halesus radiatus isolate DM1253 mitochondrion,2081.0,1533.0,1336.0,87.14938030006523,0.0,1-1533,8543-10075,MT628556
BSNHM091-24,10906747,323,319,0,1533,2,32,16.38,16,1533,0,0,0,gi|1880643304|gb|MT584167.1| Micropterna lateralis isolate DM1255 mitochondrion,2086.0,1528.0,1334.0,87.30366492146598,0.0,1-1528,8041-9568,MT584167
BSNHM174-24,9869372,99,54,45,1539,0,13,3.56,2,1159,92,288,380,gi|1702191665|gb|CP030885.1| Rhodospirillaceae bacterium isolate ECT2AJA-110-B chromosome,332.0,618.0,421.0,68.12297734627832,51.0,463-1029,3612102-3612719,CP030885
BSNHM162-24,544911,295,295,0,1566,0,104,16.53,0,570,0,996,996,"gi|2411355081|gb|ON520567.1| Limenitis jina mitochondrion, complete genome",434.0,287.0,259.0,90.2439024390244,0.0,284-570,2348-2634,ON520567
BSNHM150-24,3310343,1946,1940,0,1539,36,168,98.9,98,1539,0,0,0,"gi|2289396747|ref|NC_065657.1| Epeorus melli mitochondrion, complete genome >gi|2090365063|gb|MW381294.1| Epeorus melli mitochondrion, complete genome",1888.0,1539.0,1301.0,84.53541260558805,0.0,1-1539,1483-3021,NC_065657
BSNHM008-24,12691722,98,98,0,1533,0,24,5.26,4,1336,2,195,197,"gi|312841657|gb|HQ561436.1| Limnephilidae sp. DRCGT069-09 voucher SUP0339 cytochrome oxidase subunit 1 (COI) gene, partial cds; mitochondrial",1221.0,658.0,637.0,96.80851063829788,15.0,39-681,1-658,HQ561436
BSNHM163-24,1965762,279,248,17,1539,0,67,13.54,6,1002,27,510,537,,,,,,,,,
BSNHM012-24,4267597,8,6,2,1533,0,2,0.3,0,231,0,1302,1302,,,,,,,,,
BSNHM108-24,5381966,341,339,2,1533,0,70,17.46,15,1421,1,111,112,"gi|1880642432|gb|MT483684.1| Rhyacophila nubila mitochondrion, partial genome",1970.0,1352.0,1205.0,89.12721893491124,0.0,1-1352,136-1487,MT483684
BSNHM112-24,342,0,0,0,1533,0,0,0.0,0,0,0,0,0,,,,,,,,,
BSNHM026-24,400134,33,31,2,1533,0,8,2.17,2,837,6,690,696,"gi|1049492783|gb|KX142575.1| Beraea maurus voucher JSlk-20100081 cytochrome oxidase subunit 1 (COI) gene, partial cds; mitochondrial",447.0,264.0,247.0,93.56060606060606,0.0,211-474,386-649,KX142575
BSNHM110-24,2927737,544,527,13,1533,6,98,28.94,25,1533,0,0,0,,,,,,,,,
BSNHM045-24,23028649,167,164,1,1533,0,26,8.2,7,1419,15,99,114,"gi|2518562593|emb|OX638418.1| Limnephilus auricula genome assembly, organelle: mitochondrion",1655.0,1526.0,1230.0,80.60288335517694,93.0,1-1433,4809-3284,OX638418
BSNHM068-24,4935037,364,355,2,1533,4,50,20.91,20,1533,0,0,0,"gi|1880642439|gb|MT483686.1| Limnephilus extricatus mitochondrion, partial genome",2321.0,1533.0,1384.0,90.28049575994781,0.0,1-1533,2-1534,MT483686
BSNHM168-24,28555441,888,875,7,1533,8,99,44.68,43,1533,0,0,0,gi|1880642960|gb|MT483673.1| Ironoquia dubia isolate DM555 mitochondrion,1930.0,1534.0,1308.0,85.26727509778357,2.0,1-1533,10227-11759,MT483673
BSNHM113-24,4168978,10,6,4,1533,0,4,0.31,0,153,0,1380,1380,,,,,,,,,
BSNHM085-24,14962972,990,981,6,1530,0,109,54.14,52,1524,0,6,6,"gi|1907754563|gb|MT862379.1| Lithax obscurus isolate DM542 mitochondrion, partial genome",2493.0,1524.0,1413.0,92.71653543307087,0.0,1-1524,5284-6807,MT862379
BSNHM040-24,17376989,417,339,74,1533,0,51,20.91,20,1484,46,3,49,"gi|2363797539|gb|OL678024.1| Hydroptila sp. XG-2021 mitochondrion, complete genome",1171.0,1532.0,1146.0,74.80417754569191,6.0,1-1529,1438-2966,OL678024
BSNHM023-24,12420695,1295,1281,8,1533,2,159,67.14,61,1533,0,0,0,"gi|2626074295|gb|ON711236.1| Tinodes lini mitochondrion, complete genome",2311.0,1533.0,1382.0,90.15003261578603,0.0,1-1533,1425-2957,ON711236
BSNHM054-24,3188598,508,499,2,1533,8,58,28.94,30,1533,0,0,0,"gi|2180475849|gb|MT584120.1| Athripsodes cinereus mitochondrion, partial genome",1999.0,1532.0,1319.0,86.09660574412533,0.0,1-1532,10058-11589,MT584120
BSNHM169-24,3530381,147,128,17,1533,0,20,7.38,7,1329,18,186,204,,,,,,,,,
BSNHM058-24,15062246,3600,3573,25,1533,0,481,187.08,177,1455,0,78,78,gi|1880642414|gb|MT483679.1| Polycentropus flavomaculatus isolate DM1309 mitochondrion,2070.0,1455.0,1287.0,88.45360824742268,0.0,1-1455,5863-7317,MT483679
BSNHM086-24,10174670,452,448,0,1533,4,48,24.46,24,1533,0,0,0,"gi|2510678316|emb|OX637365.1| Agapetus fuscipes genome assembly, organelle: mitochondrion",2321.0,1533.0,1384.0,90.28049575994781,0.0,1-1533,4841-3309,OX637365
BSNHM152-24,8470711,794,745,47,1539,9,110,46.45,42,1508,31,0,31,"gi|2212411529|emb|OW203774.1| Leuctra nigra genome assembly, organelle: mitochondrion",1734.0,1539.0,1264.0,82.13125406107862,0.0,1-1539,4880-3342,OW203774
BSNHM107-24,3129612,227,227,0,1533,3,32,15.72,16,1533,0,0,0,"gi|2180475849|gb|MT584120.1| Athripsodes cinereus mitochondrion, partial genome",2030.0,1524.0,1322.0,86.74540682414698,2.0,4-1526,10061-11583,MT584120
BSNHM027-24,36254838,2451,2440,5,1533,0,260,126.42,127,1530,0,3,3,"gi|2424879690|ref|NC_069234.1| Glossosoma caudatum mitochondrion, partial genome >gi|2363796899|gb|OL677991.1| Glossosoma caudatum mitochondrion, partial genome",2270.0,1530.0,1372.0,89.6732026143791,0.0,1-1530,1423-2952,NC_069234
BSNHM042-24,6072175,408,401,4,1533,2,86,20.48,18,1533,0,0,0,"gi|2415277923|emb|OX388330.1| Athripsodes cinereus genome assembly, organelle: mitochondrion",2088.0,1534.0,1341.0,87.41851368970013,10.0,4-1532,4851-3323,OX388330
BSNHM059-24,3634170,4164,4121,5,1533,34,354,252.19,253,1533,0,0,0,"gi|2424880594|ref|NC_069288.1| Tinodes chinchinus mitochondrion, complete genome >gi|2363797931|gb|OL678053.1| Tinodes chinchinus mitochondrion, complete genome",2211.0,1527.0,1360.0,89.06352324819909,2.0,1-1526,1421-2946,NC_069288
BSNHM125-24,2862341,27,24,1,1533,0,4,1.07,0,686,1,846,847,,,,,,,,,
BSNHM003-24,4710870,790,785,0,1533,15,98,49.24,50,1533,0,0,0,"gi|2510678316|emb|OX637365.1| Agapetus fuscipes genome assembly, organelle: mitochondrion",1866.0,1533.0,1293.0,84.34442270058709,0.0,1-1533,4841-3309,OX637365
BSNHM106-24,3058364,1651,1614,32,1533,0,206,100.6,106,1440,0,93,93,"gi|2771400041|gb|ON321870.1| Ogygioses sp. mitochondrion, complete genome",1653.0,1443.0,1198.0,83.02148302148302,7.0,1-1439,1431-2870,ON321870
BSNHM177-24,5804502,58,56,0,1533,0,12,2.81,2,947,7,579,586,"gi|2518562593|emb|OX638418.1| Limnephilus auricula genome assembly, organelle: mitochondrion",503.0,380.0,324.0,85.26315789473684,33.0,1-347,4809-4430,OX638418
BSNHM011-24,8285435,42685,42589,9,1533,438,4402,2595.19,2679,1533,0,0,0,"gi|2728412616|gb|OR544960.1| Tinodes ventralis mitochondrion, complete genome",2276.0,1527.0,1373.0,89.91486574983628,2.0,1-1526,1424-2949,OR544960
BSNHM002-24,2884928,36,22,14,1530,0,8,1.33,0,538,20,972,992,,,,,,,,,
BSNHM171-24,17205400,990,979,7,1533,0,134,61.41,59,1443,0,90,90,"gi|2510678316|emb|OX637365.1| Agapetus fuscipes genome assembly, organelle: mitochondrion",2196.0,1443.0,1305.0,90.43659043659044,0.0,1-1443,4841-3399,OX637365
BSNHM039-24,5046001,1512,1496,0,1533,41,132,87.47,84,1533,0,0,0,"gi|2424879690|ref|NC_069234.1| Glossosoma caudatum mitochondrion, partial genome >gi|2363796899|gb|OL677991.1| Glossosoma caudatum mitochondrion, partial genome",2271.0,1533.0,1374.0,89.62818003913894,0.0,1-1533,1423-2955,NC_069234
BSNHM134-24,7961189,550,538,12,1533,4,84,30.27,26,1510,23,0,23,"gi|2617469218|emb|OY756440.1| Mystacides longicornis genome assembly, organelle: mitochondrion",2209.0,1533.0,1357.0,88.51924331376387,0.0,1-1533,4873-3341,OY756440
BSNHM114-24,11746111,217,215,0,1530,0,30,10.92,10,1491,6,33,39,"gi|1808500139|gb|MK951673.1| Parafronurus sp. XL-2019 mitochondrion, partial genome",1679.0,1530.0,1248.0,81.56862745098039,33.0,1-1497,1487-3016,MK951673
BSNHM020-24,3207079,74,74,0,1533,0,10,3.77,4,1392,0,141,141,gi|1880643304|gb|MT584167.1| Micropterna lateralis isolate DM1255 mitochondrion,1640.0,1481.0,1205.0,81.3639432815665,93.0,1-1388,8077-9557,MT584167
BSNHM021-24,4217755,23392,23182,6,1530,677,2481,1625.29,1661,1530,0,0,0,gi|1891019444|gb|MT410836.1| Potamophylax rotundipennis isolate DM547 mitochondrion,2140.0,1530.0,1346.0,87.97385620915033,0.0,1-1530,10178-11707,MT410836
BSNHM030-24,3917025,49,35,14,1533,0,9,2.14,2,861,27,645,672,,,,,,,,,
BSNHM066-24,1354284,13,11,2,1533,0,6,0.46,0,255,0,1278,1278,,,,,,,,,
BSNHM156-24,2752220,36,30,6,1533,0,8,1.25,0,444,0,1089,1089,,,,,,,,,
BSNHM155-24,2977175,141,140,0,1533,0,26,7.32,6,1389,3,141,144,gi|1880643358|gb|MT628556.1| Halesus radiatus isolate DM1253 mitochondrion,1976.0,1113.0,1059.0,95.14824797843666,27.0,1-1086,8543-9655,MT628556
BSNHM158-24,14077899,394,392,0,1533,0,58,21.41,21,1530,0,3,3,gi|1880643304|gb|MT584167.1| Micropterna lateralis isolate DM1255 mitochondrion,2199.0,1533.0,1360.0,88.71493803000652,3.0,1-1530,8041-9573,MT584167
BSNHM088-24,6066989,2772,2759,2,1533,46,316,167.39,158,1533,0,0,0,"gi|2424880244|ref|NC_069263.1| Hydroptila angulata mitochondrion, complete genome >gi|2363797525|gb|OL678023.1| Hydroptila angulata mitochondrion, complete genome",1780.0,1534.0,1278.0,83.31160365058669,2.0,1-1533,1455-2987,NC_069263
BSNHM185-24,3357852,428,356,62,1539,4,59,23.16,22,1527,9,3,12,"gi|2692962871|ref|NC_086965.1| Mesyatsia karakorum mitochondrion, complete genome >gi|2675821542|gb|OP414494.1| Mesyatsia karakorum mitochondrion, complete genome",1694.0,1547.0,1273.0,82.28829993535875,21.0,1-1535,1427-2964,NC_086965
BSNHM005-24,1124482,42,26,16,1533,0,10,1.74,0,308,1,1224,1225,"gi|2741170457|dbj|AP028667.1| Variovorax sp. V59 DNA, complete genome >gi|2741176841|dbj|AP028669.1| Variovorax sp. V93 DNA, complete genome",252.0,146.0,138.0,94.52054794520548,0.0,163-308,4508803-4508658,AP028667
BSNHM014-24,2476250,81,57,21,1533,0,20,3.54,2,1133,7,393,400,gi|1891019613|gb|MT410856.1| Beraea pullata isolate DM1292 mitochondrion,446.0,534.0,409.0,76.59176029962546,23.0,430-941,2068-2600,MT410856
BSNHM116-24,3249459,18,5,13,1539,0,2,0.33,0,303,0,1236,1236,,,,,,,,,
BSNHM129-24,2957025,93,92,1,1539,0,20,5.81,4,1329,0,210,210,"gi|1904806061|ref|NC_050322.1| Protonemura meyeri isolate DM1305 mitochondrion, complete genome >gi|1882578728|gb|MT410850.1| Protonemura meyeri isolate DM1305 mitochondrion, complete genome",1498.0,1221.0,1026.0,84.02948402948402,36.0,1-1185,10885-12105,NC_050322
BSNHM188-24,4894227,366,352,3,1530,5,39,21.54,20,1530,0,0,0,gi|1891019444|gb|MT410836.1| Potamophylax rotundipennis isolate DM547 mitochondrion,2145.0,1530.0,1347.0,88.0392156862745,0.0,1-1530,10178-11707,MT410836
BSNHM070-24,1354291,2391,2381,0,1533,46,310,145.52,142,1533,0,0,0,,,,,,,,,
BSNHM170-24,644,0,0,0,1533,0,0,0.0,0,0,0,0,0,,,,,,,,,
BSNHM157-24,4536801,152,149,2,1533,0,22,7.95,8,1448,19,66,85,gi|1880643304|gb|MT584167.1| Micropterna lateralis isolate DM1255 mitochondrion,1752.0,1476.0,1233.0,83.53658536585365,24.0,15-1466,8055-9530,MT584167
BSNHM151-24,14354486,3286,3270,0,1530,66,335,171.19,158,1530,0,0,0,"gi|2587930909|ref|NC_082930.1| Ostrocerca truncata mitochondrion, complete genome >gi|2574167146|gb|OR398225.1| Ostrocerca truncata mitochondrion, complete genome",1705.0,1530.0,1259.0,82.2875816993464,0.0,1-1530,1508-3037,NC_082930
BSNHM084-24,16655735,55,54,1,1530,0,17,2.75,2,959,7,564,571,"gi|1000479148|gb|KT729286.1| Apatania zonella isolate A.G1 cytochrome oxidase subunit I (COXI) gene, partial cds; mitochondrial",595.0,704.0,531.0,75.42613636363636,80.0,211-838,445-1144,KT729286
BSNHM076-24,2596746,110,103,7,1533,0,20,5.92,4,1271,10,252,262,"gi|2424880244|ref|NC_069263.1| Hydroptila angulata mitochondrion, complete genome >gi|2363797525|gb|OL678023.1| Hydroptila angulata mitochondrion, complete genome",1002.0,1157.0,889.0,76.83664649956785,33.0,70-1196,1584-2737,NC_069263
BSNHM118-24,2394303,201,191,10,1539,2,20,10.18,10,1518,21,0,21,gi|1880643008|gb|MT483690.1| Brachycentrus maculatus isolate DM534 mitochondrion,1936.0,1535.0,1304.0,84.95114006514657,0.0,1-1535,9626-11160,MT483690
BSNHM167-24,1497962,69,69,0,1533,0,29,3.15,0,375,0,1158,1158,,,,,,,,,
BSNHM072-24,17392283,88,88,0,1533,0,16,4.62,4,1406,37,90,127,"gi|2551836674|gb|OR183422.1| Senaspis dibapha mitochondrion, partial genome",1047.0,1470.0,1076.0,73.19727891156462,75.0,8-1402,922-2391,OR183422
BSNHM074-24,9707069,733,688,42,1539,4,85,34.52,30,1533,6,0,6,"gi|2363796941|gb|OL677994.1| Micrasema sp. XG-2021 mitochondrion, partial genome",1977.0,1540.0,1319.0,85.64935064935065,1.0,1-1539,1399-2938,OL677994
BSNHM050-24,1728439,109,97,12,1539,0,41,5.21,2,1181,1,357,358,"gi|2601001861|gb|OP817980.1| Micrasema cenerentola voucher INV05952 cytochrome oxidase subunit 1 (COI) gene, partial cds; mitochondrial",801.0,632.0,534.0,84.49367088607595,66.0,1-566,5-636,OP817980
BSNHM029-24,4191188,38,26,12,1533,0,12,2.05,1,1003,20,510,530,"gi|2741137698|dbj|AP028659.1| Variovorax sp. V15 DNA, complete genome",771.0,632.0,531.0,84.01898734177216,2.0,328-958,1007558-1008188,AP028659
BSNHM087-24,15958810,1393,1380,9,1533,0,132,78.37,79,1530,0,3,3,"gi|1347726019|ref|NC_036953.1| Potamyia flava voucher 20150814070B mitochondrion, complete genome >gi|1335001958|gb|MG669124.1| Potamyia flava voucher 20150814070B mitochondrion, complete genome",1613.0,1524.0,1237.0,81.16797900262466,0.0,1-1524,1435-2958,NC_036953
BSNHM097-24,2432406,14,10,4,1533,0,2,0.51,0,389,1,1143,1144,"gi|2606722230|gb|CP136995.1| Ottowia sp. SB7-C50 chromosome, complete genome",207.0,108.0,106.0,98.14814814814815,0.0,151-258,973701-973808,CP136995
BSNHM093-24,12208911,105,93,11,1533,0,25,5.45,3,1267,29,237,266,"gi|2191634275|gb|MW646132.1| Kosciuscola cognatus voucher TAMUIC-IGC-001930 cytochrome c oxidase subunit I (COI) gene, partial cds; mitochondrial",476.0,1005.0,697.0,69.35323383084577,21.0,277-1263,418-1419,MW646132
BSNHM172-24,17165640,853,846,5,1539,0,150,54.92,43,1410,0,129,129,"gi|2617469076|emb|OY756383.1| Ceraclea dissimilis genome assembly, organelle: mitochondrion",1672.0,1413.0,1186.0,83.93489030431705,6.0,1-1410,4860-3451,OY756383
BSNHM101-24,2390062,645,629,15,1533,2,84,39.05,39,1531,2,0,2,"gi|2728412616|gb|OR544960.1| Tinodes ventralis mitochondrion, complete genome",2223.0,1527.0,1362.0,89.19449901768172,2.0,1-1526,1424-2949,OR544960
BSNHM028-24,1599829,59,54,5,1533,0,16,3.61,2,1165,41,327,368,"gi|2424880244|ref|NC_069263.1| Hydroptila angulata mitochondrion, complete genome >gi|2363797525|gb|OL678023.1| Hydroptila angulata mitochondrion, complete genome",445.0,456.0,362.0,79.3859649122807,6.0,757-1206,2499-2954,NC_069263
BSNHM052-24,2655314,62,62,0,1533,0,10,3.82,4,1247,40,246,286,"gi|2424880244|ref|NC_069263.1| Hydroptila angulata mitochondrion, complete genome >gi|2363797525|gb|OL678023.1| Hydroptila angulata mitochondrion, complete genome",1086.0,1019.0,826.0,81.05986261040236,9.0,268-1277,1956-2974,NC_069263
BSNHM078-24,9579283,287,284,3,1533,0,66,16.66,10,1347,0,186,186,gi|1880643251|gb|MT584160.1| Athripsodes aterrimus isolate DM1316 mitochondrion,1246.0,982.0,837.0,85.23421588594705,12.0,314-1283,10518-11499,MT584160
BSNHM184-24,3102865,216,196,17,1566,0,26,11.02,10,1515,48,3,51,"gi|1442328688|ref|NC_038167.1| Isoperla eximia mitochondrion, complete genome >gi|1434745165|gb|MG910457.1| Isoperla eximia mitochondrion, complete genome",1621.0,1566.0,1258.0,80.33205619412516,6.0,1-1563,1423-2985,NC_038167
BSNHM122-24,14112987,683,679,2,1533,0,88,36.78,34,1524,0,9,9,"gi|1880642634|gb|MT584164.1| Leptocerus tineiformis mitochondrion, partial genome",1767.0,1533.0,1272.0,82.97455968688845,9.0,1-1524,1049-2581,MT584164
BSNHM079-24,3485472,9,9,0,1533,0,6,0.53,0,357,0,1176,1176,"gi|1049494175|gb|KX143963.1| Allogamus mendax voucher HMCAD0111-110 cytochrome oxidase subunit 1 (COI) gene, partial cds; mitochondrial",267.0,136.0,135.0,99.26470588235294,0.0,12-147,1-136,KX143963
BSNHM038-24,2544976,352,352,0,1533,0,63,22.67,22,1425,0,108,108,,,,,,,,,
BSNHM135-24,3687379,161,159,2,1530,0,22,8.47,8,1423,44,63,107,"gi|1880642439|gb|MT483686.1| Limnephilus extricatus mitochondrion, partial genome",1690.0,1521.0,1234.0,81.13083497698882,54.0,1-1467,2-1522,MT483686
BSNHM069-24,13067184,2075,2069,4,1533,4,240,95.51,93,1533,0,0,0,"gi|2489640652|ref|NC_073524.1| Kisaura adamickai mitochondrion, complete genome >gi|2465307383|gb|OP351517.1| Kisaura adamickai mitochondrion, complete genome",1886.0,1534.0,1300.0,84.7457627118644,3.0,1-1533,1399-2930,NC_073524
BSNHM004-24,3441862,11827,11802,8,1533,0,1070,782.57,797,1527,0,6,6,"gi|2192911304|ref|NC_060325.1| Hydropsyche fryeri mitochondrion, complete sequence >gi|2025185241|gb|MW413803.1| Hydropsyche fryeri mitochondrion, complete genome",1618.0,1522.0,1238.0,81.34034165571616,4.0,1-1520,1425-2944,NC_060325
BSNHM104-24,3567871,171,171,0,1554,0,24,9.76,9,1526,7,21,28,"gi|2180475806|gb|MT584115.1| Siphonoperla burmeisteri mitochondrion, partial genome",2662.0,1536.0,1453.0,94.59635416666666,3.0,1-1533,11064-12599,MT584115
BSNHM153-24,6583387,216,133,79,1539,0,28,10.02,9,1330,38,171,209,"gi|1972895586|gb|CP063166.1| Variovorax paradoxus strain VAI-C chromosome, complete genome",1343.0,1354.0,1068.0,78.87740029542097,64.0,1-1304,5699394-5698055,CP063166
BSNHM123-24,4411138,1018,998,5,1533,25,98,60.35,61,1533,0,0,0,"gi|2123168720|emb|OU862936.1| Limnephilus marmoratus genome assembly, organelle: mitochondrion",2256.0,1533.0,1371.0,89.43248532289628,0.0,1-1533,4810-3278,OU862936
BSNHM049-24,811101,66,66,0,1533,0,36,3.06,0,303,0,1230,1230,,,,,,,,,
BSNHM145-24,3567978,282,277,1,1533,0,43,18.23,18,1481,1,51,52,"gi|1834377755|gb|MT137385.1| Homo sapiens haplogroup U5b3a1a mitochondrion, complete genome",2801.0,1410.0,1406.0,99.71631205673759,0.0,1-1410,5913-7322,MT137385
BSNHM120-24,693,0,0,0,1533,0,0,0.0,0,0,0,0,0,,,,,,,,,
BSNHM182-24,1199518,1,1,0,1530,0,1,0.08,0,123,0,1407,1407,"gi|1808526431|gb|CP048422.1| Sphingomonas insulae strain KCTC 12872 chromosome, complete genome",216.0,123.0,117.0,95.1219512195122,0.0,1-123,403267-403389,CP048422
BSNHM187-24,9166264,78,67,11,1533,0,13,3.47,2,983,13,537,550,"gi|2601001286|gb|OP817696.1| Athripsodes inaequalis voucher INV02463 cytochrome oxidase subunit 1 (COI) gene, partial cds; mitochondrial",423.0,366.0,298.0,81.4207650273224,36.0,160-489,182-547,OP817696
BSNHM053-24,12605351,1521,1506,8,1533,12,243,90.79,82,1533,0,0,0,"gi|1524302848|gb|MG767831.1| Biston nr. abruptaria EO-2018 voucher F340a cytochrome oxidase subunit 1 (COI) gene, partial cds; mitochondrial",1544.0,1450.0,1187.0,81.86206896551724,24.0,7-1444,4-1441,MG767831
BSNHM032-24,14052609,703,703,0,1533,0,91,35.38,36,1515,0,18,18,"gi|2424880300|ref|NC_069267.1| Limnephilus abstrusus mitochondrion, complete genome >gi|2363797595|gb|OL678028.1| Limnephilus abstrusus mitochondrion, complete genome",1956.0,1536.0,1311.0,85.3515625,24.0,1-1515,1414-2946,NC_069267
BSNHM186-24,26548407,328,319,3,1533,0,45,19.92,22,1380,0,153,153,"gi|2234580855|gb|MT872710.1| Ernodes articularis isolate DM684 mitochondrion, partial genome",2047.0,1404.0,1248.0,88.88888888888889,24.0,1-1380,10692-12095,MT872710
BSNHM022-24,969561,68,68,0,1533,0,42,4.31,0,180,0,1353,1353,,,,,,,,,
BSNHM071-24,4167482,1175,1170,2,1533,0,109,69.98,72,1524,0,9,9,"gi|1880642432|gb|MT483684.1| Rhyacophila nubila mitochondrion, partial genome",2063.0,1524.0,1327.0,87.07349081364829,0.0,1-1524,136-1659,MT483684
BSNHM179-24,3502957,197,195,2,1533,2,22,10.72,10,1532,1,0,1,gi|1880643304|gb|MT584167.1| Micropterna lateralis isolate DM1255 mitochondrion,1973.0,1537.0,1319.0,85.81652569941444,8.0,1-1533,8041-9573,MT584167
BSNHM165-24,3219592,134,90,42,1533,0,28,6.6,4,1113,27,393,420,"gi|1616239392|gb|MK059689.1| Homo sapiens isolate LM14mt mitochondrion, partial genome",796.0,568.0,502.0,88.38028169014085,6.0,439-1003,6504-7068,MK059689
BSNHM127-24,4,0,0,0,1533,0,0,0.0,0,0,0,0,0,,,,,,,,,
BSNHM015-24,3143816,88,77,11,1533,0,14,4.66,4,1441,47,45,92,"gi|2510678316|emb|OX637365.1| Agapetus fuscipes genome assembly, organelle: mitochondrion",1279.0,1496.0,1151.0,76.93850267379679,15.0,1-1487,4841-3352,OX637365
