Process ID,n_reads,n_aligned,cov_min,cov_max,cov_avg,skipped_reads_low_rel_score,length
BGENL001-23,7556,23494514,0.0,915.0,470.2837573385519,3681,1533
BGENL002-23,273,672618,0.0,28.0,14.227005870841488,52,1533
BGENL003-23,5848,30824217,0.0,701.0,346.7651663405088,3286,1533
BGENL004-23,36456,3763272,4.0,3789.0,2377.46771037182,7218,1533
BGENL005-23,48,228144,0.0,12.0,2.831702544031311,35,1533
BGENL006-23,20270,8854925,0.0,1916.0,1048.2465753424658,3951,1533
BGENL007-23,19323,15398419,0.0,2088.0,1249.252446183953,5035,1533
BGENL008-23,4486,8073163,0.0,437.0,277.0489236790607,1124,1533
BGENL009-23,73,313984,0.0,10.0,3.6320939334637963,26,1533
BGENL010-23,1449,1723753,4.0,135.0,66.60469667318982,205,1533
BGENL011-23,2876,4828538,0.0,271.0,123.38356164383562,657,1533
BGENL012-23,86,553969,0.0,12.0,4.371819960861057,68,1533
BGENL013-23,513,804124,0.0,56.0,26.474708171206224,44,1542
BGENL014-23,99,822011,0.0,13.0,5.036964980544747,74,1542
BGENL015-23,184,657613,0.0,20.0,7.389105058365759,45,1542
BGENL016-23,114,1023959,0.0,16.0,6.371595330739299,80,1542
BGENL017-23,842,2131679,0.0,75.0,32.704280155642024,112,1542
BGENL018-23,1886,2411736,0.0,151.0,75.39105058365759,153,1542
BGENL019-23,29873,57097576,0.0,2396.0,1216.2407045009784,1927,1533
BGENL020-23,364,13373079,0.0,39.0,15.277886497064578,284,1533
BGENL021-23,240,11114861,0.0,46.0,10.769080234833659,372,1533
BGENL022-23,37501,31976221,1159.0,3232.0,2133.037181996086,4822,1533
BGENL023-23,928,15941243,2.0,277.0,32.16438356164384,1416,1533
BGENL024-23,14671,7652044,442.0,1144.0,799.7866927592955,518,1533
BGENL025-23,69,357975,0.0,12.0,4.003913894324853,24,1533
BGENL026-23,5823,54550141,114.0,436.0,290.3581213307241,1070,1533
BGENL027-23,89,375654,0.0,18.0,4.909980430528376,46,1533
BGENL028-23,2192,11478429,41.0,192.0,108.72015655577299,98,1533
BGENL029-23,1577,2442272,9.0,174.0,91.31506849315069,207,1533
BGENL030-23,4320,10431636,45.0,405.0,230.0,739,1533
BGENL031-23,1589,12560954,34.0,145.0,86.69471624266144,651,1533
BGENL032-23,212,3160201,0.0,27.0,11.784735812133073,78,1533
BGENL033-23,1714,26175122,28.0,233.0,88.84735812133073,1081,1533
BGENL034-23,8872,4721755,0.0,1339.0,427.87084148727985,1440,1533
BGENL035-23,251,4770637,0.0,38.0,10.688845401174168,159,1533
BGENL036-23,1634,5849675,0.0,133.0,71.573385518591,319,1533
BGENL037-23,4126,16799994,0.0,378.0,169.52641878669277,683,1533
BGENL038-23,3522,8591228,0.0,308.0,146.55185909980432,554,1533
BGENL039-23,5284,11065117,0.0,434.0,232.66340508806263,779,1533
BGENL040-23,5386,16319778,0.0,475.0,271.6497064579256,1028,1533
BGENL041-23,2799,5482984,0.0,317.0,112.19569471624266,409,1533
BGENL042-23,1411,8106367,0.0,131.0,71.4774951076321,405,1533
BGENL043-23,7087,14157713,0.0,571.0,314.29745596868884,776,1533
BGENL044-23,5440,11215534,0.0,463.0,286.4168297455969,696,1533
BGENL045-23,2070,9703502,0.0,195.0,98.05479452054794,348,1533
BGENL046-23,52317,3230119,0.0,4843.0,2580.140900195695,8370,1533
BGENL047-23,1581,11630975,0.0,136.0,61.38747553816047,400,1533
BGENL048-23,6309,68558252,0.0,870.0,269.4011741682975,2726,1533
BGENL049-23,2866,8901239,40.0,225.0,126.31506849315069,99,1533
BGENL050-23,414,2979600,3.0,54.0,19.499021526418787,162,1533
BGENL051-23,1694,1746399,16.0,166.0,74.51076320939335,49,1533
BGENL052-23,1876,10127233,53.0,168.0,120.11545988258317,510,1533
BGENL053-23,3160,9440835,99.0,318.0,193.9784735812133,491,1533
BGENL054-23,145,1290402,0.0,24.0,7.598825831702544,270,1533
BGENL055-23,1265,3059816,12.0,125.0,64.38747553816047,111,1533
BGENL056-23,1626,1467968,39.0,146.0,88.5068493150685,142,1533
BGENL057-23,2397,1298450,30.0,180.0,108.76516634050881,212,1533
BGENL058-23,135,938567,0.0,27.0,7.351456310679612,39,1545
BGENL059-23,49,397524,0.0,16.0,2.3009708737864076,25,1545
BGENL060-23,29,267291,0.0,10.0,1.316504854368932,43,1545
BGENL061-23,268,1902434,0.0,36.0,10.273972602739725,75,1533
BGENL062-23,102,3855892,0.0,12.0,4.612524461839531,99,1533
BGENL063-23,1178,2945656,6.0,105.0,51.56947162426614,100,1533
BGENL064-23,1112,3382410,0.0,116.0,48.38160469667319,98,1533
BGENL065-23,1205,7495382,26.0,123.0,67.54207436399217,295,1533
BGENL066-23,832,1729912,4.0,69.0,37.97651663405088,62,1533
BGENL067-23,212,10690750,0.0,52.0,9.690802348336595,386,1533
BGENL068-23,5167,22260568,170.0,447.0,296.160469667319,632,1533
BGENL069-23,972,7927915,14.0,118.0,43.6986301369863,166,1533
BGENL070-23,185,258744,0.0,24.0,9.833659491193737,23,1533
BGENL071-23,182,592616,0.0,27.0,8.397260273972602,63,1533
BGENL072-23,559,6379191,8.0,58.0,27.50293542074364,118,1533
BGENL073-23,408,3739978,2.0,48.0,17.831702544031312,102,1533
BGENL074-23,749,4894935,0.0,131.0,31.500978473581213,112,1533
BGENL075-23,2318,3860058,31.0,205.0,111.73385518590997,241,1533
BGENL076-23,350,3746929,0.0,41.0,16.4853228962818,116,1533
BGENL077-23,1615,2570525,8.0,149.0,69.81409001956948,124,1533
BGENL078-23,94,315947,0.0,15.0,4.007827788649706,29,1533
BGENL079-23,1128,2436803,24.0,144.0,67.85909980430529,453,1533
BGENL080-23,1407,9917896,31.0,128.0,71.82191780821918,180,1533
BGENL081-23,652,11227630,2.0,76.0,32.88062622309198,222,1533
BGENL082-23,171,942498,0.0,24.0,7.978473581213307,48,1533
BGENL083-23,441,4010214,3.0,46.0,18.761252446183953,104,1533
BGENL084-23,91,1307802,0.0,17.0,4.136986301369863,75,1533
BGENL085-23,85,711424,0.0,14.0,3.9941747572815536,50,1545
BGENL086-23,312,2691172,0.0,50.0,16.289320388349516,31,1545
BGENL087-23,96,909278,0.0,14.0,3.4174757281553396,50,1545
BGENL088-23,115,3148855,0.0,15.0,6.532289628180039,118,1533
BGENL089-23,285,2015478,0.0,37.0,12.219178082191782,38,1533
BGENL090-23,1023,3499252,13.0,117.0,48.45205479452055,550,1533
BGENL091-23,253,1446226,0.0,27.0,11.413592233009709,106,1545
BGENL092-23,90,383675,0.0,14.0,4.47378640776699,31,1545
BGENL093-23,307,1597011,0.0,38.0,12.518446601941747,86,1545
BGENL094-23,2230,19370245,1.0,156.0,88.51456310679612,134,1545
BGENL095-23,2514,32374661,0.0,192.0,114.34368932038835,300,1545
BGENL096-23,9333,45670188,43.0,970.0,544.1017612524462,1527,1533
BGENL097-23,4318,41491185,10.0,462.0,235.4794520547945,747,1533
BGENL098-23,2089,23211015,13.0,204.0,116.9706457925636,760,1533
BGENL099-23,6427,12180156,214.0,487.0,336.4344422700587,255,1533
BGENL100-23,156,459923,0.0,25.0,9.698630136986301,51,1533
BGENL101-23,16953,65629234,552.0,1313.0,891.3757338551859,773,1533
BGENL102-23,6581,22295633,181.0,526.0,340.57142857142856,1127,1533
BGENL103-23,59,394454,0.0,14.0,3.3816046966731896,67,1533
BGENL104-23,1560,4096065,43.0,134.0,81.86497064579257,70,1533
BGENL105-23,2270,19702752,84.0,338.0,135.06262230919765,667,1533
BGENL106-23,2884,12877459,93.0,258.0,167.65166340508807,512,1533
BGENL107-23,1772,4146959,66.0,194.0,115.11154598825831,159,1533
BGENL108-23,1306,2400860,37.0,173.0,85.54794520547945,289,1533
BGENL109-23,51452,7175012,2607.0,5163.0,3771.774951076321,954,1533
BGENL110-23,1739,14506998,78.0,205.0,114.70058708414872,533,1533
BGENL111-23,4555,36139370,121.0,431.0,288.7573385518591,2661,1533
BGENL112-23,881,3028747,14.0,116.0,49.78082191780822,151,1533
BGENL113-23,9711,31903130,165.0,1318.0,483.55577299412914,1278,1533
BGENL114-23,1189,25397376,22.0,113.0,60.53228962818004,1013,1533
BGENL115-23,153,3754713,0.0,20.0,8.029354207436398,76,1533
BGENL116-23,450,6426346,0.0,62.0,28.75146771037182,245,1533
BGENL117-23,2128,12669820,2.0,223.0,153.29158512720156,643,1533
BGENL118-23,1688,7791574,15.0,169.0,103.39921722113503,196,1533
BGENL119-23,216,1760199,0.0,28.0,12.10958904109589,65,1533
BGENL120-23,267,5741849,4.0,32.0,15.066536203522505,142,1533
BGENL121-23,6110,38958828,163.0,553.0,340.4246575342466,573,1533
BGENL122-23,1365,1650650,30.0,106.0,67.8082191780822,72,1533
BGENL123-23,795,11338755,10.0,56.0,35.25440313111546,117,1533
BGENL124-23,301,7634875,0.0,36.0,15.718446601941748,1400,1545
BGENL125-23,28012,5067064,0.0,2693.0,1826.335922330097,944,1545
BGENL126-23,2005,10578296,0.0,181.0,124.78446601941748,1837,1545
BGENL127-23,906,13818719,22.0,87.0,51.318982387475536,502,1533
BGENL128-23,1095,8963848,29.0,96.0,62.806262230919764,253,1533
BGENL129-23,22365,72684900,888.0,2044.0,1372.3268101761253,2070,1533
BGENL130-23,2033,1507759,0.0,265.0,138.7710371819961,452,1533
BGENL131-23,36,160977,0.0,10.0,2.0019569471624266,13,1533
BGENL132-23,4174,25596061,7.0,598.0,217.0587084148728,1698,1533
BGENL133-23,6223,53529484,4.0,526.0,322.1976516634051,1632,1533
BGENL134-23,896,3410555,0.0,117.0,60.19178082191781,192,1533
BGENL135-23,7433,2020899,0.0,846.0,561.7710371819961,1146,1533
BGENL136-23,536,14080203,3.0,75.0,24.97651663405088,461,1533
BGENL137-23,4906,36469032,1.0,451.0,230.47553816046965,1565,1533
BGENL138-23,1642,3018183,0.0,197.0,98.01565557729941,321,1533
BGENL139-23,1584,23686399,0.0,174.0,88.29745596868885,883,1533
BGENL140-23,157,1323427,0.0,25.0,7.829745596868885,99,1533
BGENL141-23,1980,12048232,6.0,212.0,118.18786692759295,685,1533
BGENL142-23,3061,11033292,0.0,392.0,207.12133072407045,912,1533
BGENL143-23,929,8421182,0.0,94.0,53.821917808219176,524,1533
BGENL144-23,1377,18279655,2.0,176.0,68.66144814090019,756,1533
BGENL145-23,970,30430119,3.0,103.0,44.56164383561644,1516,1533
BGENL146-23,2236,16886263,2.0,243.0,132.50293542074365,830,1533
BGENL147-23,9119,4862652,3.0,977.0,663.559686888454,471,1533
BGENL148-23,4972,26026694,3.0,388.0,225.84931506849315,944,1533
BGENL149-23,4907,4564665,0.0,541.0,318.4090019569472,380,1533
BGENL150-23,3244,3438444,24.0,334.0,221.9491193737769,703,1533
BGENL151-23,1395,1112395,13.0,157.0,93.68884540117416,348,1533
BGENL152-23,1211,9461029,15.0,111.0,76.29745596868885,619,1533
BGENL153-23,8227,10311159,369.0,687.0,538.0567514677103,523,1533
BGENL154-23,74,512390,0.0,10.0,4.686888454011742,53,1533
BGENL155-23,851,286175,15.0,86.0,54.96477495107632,44,1533
BGENL156-23,31628,3841791,1379.0,3307.0,2350.3385518591,2387,1533
BGENL157-23,3124,1232981,75.0,324.0,204.587084148728,274,1533
BGENL158-23,7672,1318080,203.0,726.0,495.6105675146771,391,1533
BGENL159-23,1743,5388575,29.0,137.0,76.16046966731898,152,1533
BGENL160-23,5898,6503627,87.0,497.0,300.1232876712329,136,1533
BGENL161-23,1085,1200419,10.0,112.0,52.96477495107632,92,1533
BGENL162-23,762,11557572,5.0,71.0,43.84344422700587,327,1533
BGENL163-23,889,7815125,4.0,94.0,50.342465753424655,321,1533
BGENL164-23,12,114608,0.0,4.0,0.8062622309197651,4,1533
BGENL165-23,16452,81566452,33.0,1639.0,996.9432485322897,2647,1533
BGENL166-23,9769,61962606,19.0,965.0,607.747553816047,1967,1533
BGENL167-23,943,7527605,1.0,96.0,59.55381604696673,236,1533
BGENL168-23,1862,6716822,9.0,190.0,120.26614481409003,373,1533
BGENL169-23,2687,42538970,15.0,258.0,151.55381604696674,1855,1533
BGENL170-23,857,1900283,1.0,116.0,56.06066536203522,328,1533
BGENL171-23,7078,39515884,323.0,627.0,483.27005870841487,1159,1533
BGENL172-23,27579,1457290,1369.0,2497.0,2041.3542074363993,1298,1533
BGENL173-23,134,844961,1.0,20.0,7.448140900195694,139,1533
BGENL174-23,2184,11626681,33.0,197.0,124.45988258317026,439,1533
BGENL175-23,866,2184894,26.0,88.0,51.56555772994129,119,1533
BGENL176-23,105,1335738,0.0,16.0,5.500978473581213,86,1533
BGENL177-23,716,2975966,10.0,60.0,36.83757338551859,120,1533
BGENL178-23,1298,940145,12.0,141.0,60.89823874755382,161,1533
BGENL179-23,2612,8892809,38.0,196.0,106.97651663405088,204,1533
BGENL180-23,2000,354839,73.0,216.0,137.9334637964775,104,1533
BGENL181-23,6244,2179397,78.0,465.0,247.7279843444227,499,1533
BGENL182-23,153,1421070,0.0,41.0,8.712328767123287,174,1533
BGENL183-23,883,6912732,0.0,94.0,43.585127201565555,375,1533
BGENL184-23,4303,16488100,92.0,393.0,210.95890410958904,991,1533
BGENL185-23,2463,9259359,50.0,206.0,135.19765166340508,709,1533
BGENL186-23,1518,3801871,26.0,129.0,76.43248532289628,406,1533
BGENL187-23,636,621763,11.0,58.0,34.669275929549904,84,1533
BGENL188-23,630,2220276,3.0,57.0,27.814090019569473,223,1533
BGENL189-23,1280,1077970,43.0,182.0,87.92367906066536,176,1533
BGENL190-23,49,343633,0.0,17.0,2.9902152641878668,64,1533
BSNHM002-24,90,2884916,0.0,54.0,2.5254901960784313,42,1530
BSNHM003-24,981,4710870,16.0,104.0,55.08023483365949,68,1533
BSNHM004-24,15733,3441860,0.0,1249.0,889.5362035225049,830,1533
BSNHM005-24,53,1124482,0.0,26.0,1.5831702544031312,32,1533
BSNHM006-24,1056,14213927,0.0,182.0,39.04500978473581,325,1533
BSNHM007-24,397,4236930,0.0,57.0,16.915851272015654,108,1533
BSNHM008-24,336,12691718,2.0,44.0,11.270058708414872,73,1533
BSNHM009-24,893,10368834,2.0,73.0,28.608610567514678,107,1533
BSNHM010-24,260,3524795,0.0,146.0,6.048923679060666,65,1533
BSNHM011-24,59897,8285421,895.0,5249.0,3121.9921722113504,230,1533
BSNHM012-24,204,4267601,0.0,42.0,5.142857142857143,28,1533
BSNHM013-24,313,3309647,0.0,39.0,13.368627450980393,38,1530
BSNHM014-24,126,2476252,0.0,58.0,4.082191780821918,83,1533
BSNHM015-24,159,3143816,0.0,26.0,6.187866927592955,75,1533
BSNHM016-24,148,1198349,0.0,49.0,4.193359375,2,1536
BSNHM017-24,1079,5061901,32.0,103.0,63.06849315068493,258,1533
BSNHM018-24,633,4472426,0.0,68.0,28.119373776908024,210,1533
BSNHM019-24,2043,4324726,47.0,229.0,138.31311154598825,179,1533
BSNHM020-24,172,3207079,0.0,22.0,6.487279843444227,68,1533
BSNHM021-24,26230,4217755,714.0,2574.0,1714.070588235294,272,1530
BSNHM022-24,203,969561,0.0,63.0,7.283757338551859,7,1533
BSNHM023-24,4288,12420703,27.0,379.0,145.80430528375734,158,1533
BSNHM024-24,942,3056181,0.0,130.0,40.21526418786693,74,1533
BSNHM025-24,307,7273777,0.0,210.0,7.829745596868885,237,1533
BSNHM026-24,52,400134,0.0,12.0,2.7142857142857144,44,1533
BSNHM027-24,5781,36254833,0.0,440.0,220.67318982387476,395,1533
BSNHM028-24,143,1599831,0.0,40.0,5.403131115459883,34,1533
BSNHM029-24,397,4191186,0.0,321.0,7.686888454011742,69,1533
BSNHM030-24,159,3917025,0.0,96.0,3.939334637964775,51,1533
BSNHM031-24,158,3273300,0.0,36.0,5.714285714285714,76,1533
BSNHM032-24,2818,14052609,9.0,225.0,93.6027397260274,103,1533
BSNHM033-24,261,4050537,0.0,24.0,9.332681017612524,35,1533
BSNHM034-24,293,4323288,0.0,28.0,10.23679060665362,30,1533
BSNHM035-24,208,2292135,0.0,66.0,6.857142857142857,36,1533
BSNHM036-24,102,2295514,0.0,28.0,2.2739726027397262,8,1533
BSNHM037-24,231,2464371,0.0,35.0,7.236790606653621,16,1533
BSNHM038-24,447,2544976,0.0,76.0,23.489236790606654,258,1533
BSNHM039-24,2365,5045999,67.0,172.0,113.04305283757338,115,1533
BSNHM040-24,799,17376993,0.0,233.0,28.94911937377691,507,1533
BSNHM041-24,1524,1573235,0.0,184.0,69.71037181996086,439,1533
BSNHM042-24,1153,6072179,2.0,140.0,40.87084148727984,113,1533
BSNHM043-24,3578,12470772,12.0,381.0,131.12915851272015,80,1533
BSNHM044-24,934,7064287,11.0,78.0,36.906066536203525,69,1533
BSNHM045-24,1017,23028647,2.0,98.0,30.592954990215265,101,1533
BSNHM046-24,269,1339814,0.0,40.0,10.954990215264187,25,1533
BSNHM047-24,2202,1586472,29.0,256.0,105.15851272015655,76,1533
BSNHM048-24,1086,4242504,1.0,151.0,58.94911937377691,111,1533
BSNHM049-24,104,811103,0.0,39.0,3.9099804305283756,0,1533
BSNHM050-24,463,1728441,0.0,92.0,15.02729044834308,30,1539
BSNHM051-24,144,4397614,0.0,20.0,4.047058823529412,24,1530
BSNHM052-24,165,2655314,0.0,34.0,6.35225048923679,28,1533
BSNHM053-24,2193,12605347,0.0,267.0,101.26614481409003,768,1533
BSNHM054-24,967,3188596,16.0,72.0,42.6105675146771,130,1533
BSNHM055-24,867,4850660,17.0,74.0,47.12524461839531,127,1533
BSNHM056-24,296,3935281,2.0,40.0,12.767123287671232,97,1533
BSNHM057-24,268,3241956,2.0,22.0,11.297455968688846,120,1533
BSNHM058-24,26075,15062244,0.0,1920.0,758.6927592954991,1398,1533
BSNHM059-24,5801,3634170,119.0,437.0,303.2230919765166,180,1533
BSNHM060-24,302,9536631,0.0,34.0,11.090019569471623,79,1533
BSNHM061-24,848,15371936,2.0,73.0,32.495107632093934,184,1533
BSNHM062-24,8988,21463745,173.0,734.0,370.48538011695905,302,1539
BSNHM063-24,214,3414750,0.0,37.0,6.772994129158513,86,1533
BSNHM064-24,203,2947178,0.0,36.0,6.620352250489237,63,1533
BSNHM065-24,819,3044446,0.0,126.0,36.84344422700587,180,1533
BSNHM066-24,99,1354282,0.0,28.0,2.681017612524462,18,1533
BSNHM067-24,305,3523695,2.0,36.0,13.04696673189824,62,1533
BSNHM068-24,588,4935037,8.0,74.0,27.690802348336597,112,1533
BSNHM069-24,17485,13067184,49.0,1159.0,523.4383561643835,617,1533
BSNHM070-24,3884,1354291,73.0,400.0,189.47553816046965,52,1533
BSNHM071-24,1897,4167482,0.0,137.0,90.88649706457926,134,1533
BSNHM072-24,341,17392277,0.0,26.0,11.103718199608611,93,1533
BSNHM073-24,984,13481469,0.0,74.0,30.949019607843137,66,1530
BSNHM074-24,2060,9707069,18.0,169.0,71.40545808966861,170,1539
BSNHM075-24,62,1715669,0.0,40.0,1.6634050880626223,34,1533
BSNHM076-24,170,2596746,0.0,24.0,7.3776908023483365,90,1533
BSNHM078-24,821,9579283,0.0,94.0,30.608610567514678,130,1533
BSNHM079-24,32,3485472,0.0,8.0,1.1193737769080234,33,1533
BSNHM080-24,3596,12890077,30.0,318.0,142.9764705882353,151,1530
BSNHM081-24,268,2576150,0.0,81.0,5.76908023483366,78,1533
BSNHM082-24,1256,2946752,18.0,112.0,57.31506849315068,45,1533
BSNHM083-24,215,6386310,0.0,75.0,5.545988258317025,45,1533
BSNHM084-24,1074,16655733,0.0,167.0,26.53921568627451,30,1530
BSNHM085-24,1814,14962974,0.0,154.0,77.82549019607843,284,1530
BSNHM086-24,1024,10174668,10.0,77.0,40.42465753424658,95,1533
BSNHM087-24,2830,15958814,1.0,235.0,120.93542074363992,367,1533
BSNHM088-24,3672,6066989,91.0,382.0,195.3757338551859,192,1533
BSNHM089-24,48,1764859,0.0,26.0,1.6360078277886496,99,1533
BSNHM090-24,58,1821975,0.0,26.0,1.812133072407045,49,1533
BSNHM091-24,818,10906747,10.0,60.0,30.528375733855185,83,1533
BSNHM092-24,169,3508121,0.0,22.0,6.675146771037182,72,1533
BSNHM093-24,286,12208904,0.0,79.0,9.526418786692759,270,1533
BSNHM094-24,345,3328179,0.0,71.0,10.798434442270059,43,1533
BSNHM095-24,842,17028929,0.0,78.0,28.608610567514678,112,1533
BSNHM096-24,343,5860589,0.0,215.0,10.133333333333333,287,1530
BSNHM097-24,77,2432406,0.0,22.0,1.9980430528375734,41,1533
BSNHM098-24,2099,16579235,0.0,390.0,64.72407045009784,444,1533
BSNHM099-24,2735,13759630,24.0,160.0,82.98043052837573,127,1533
BSNHM101-24,864,2390062,0.0,136.0,41.24657534246575,262,1533
BSNHM102-24,1063,10718288,4.0,100.0,32.55882352941177,30,1530
BSNHM103-24,74,5123498,0.0,18.0,2.215686274509804,28,1530
BSNHM104-24,376,3567869,0.0,33.0,15.395752895752896,53,1554
BSNHM105-24,1022,15010475,2.0,84.0,30.44054580896686,39,1539
BSNHM106-24,2877,3058364,0.0,1205.0,114.08414872798434,904,1533
BSNHM107-24,311,3129612,3.0,38.0,18.21526418786693,187,1533
BSNHM108-24,872,5381962,0.0,107.0,32.60078277886497,30,1533
BSNHM109-24,234,2969307,0.0,59.0,7.94140625,97,1536
BSNHM110-24,1373,2927737,20.0,172.0,50.573385518590996,45,1533
BSNHM111-24,441,2650117,2.0,44.0,18.620352250489237,35,1533
BSNHM113-24,407,4168975,0.0,355.0,7.009784735812133,24,1533
BSNHM114-24,580,11746111,4.0,48.0,21.076470588235296,43,1530
BSNHM115-24,7923,2873351,110.0,438.0,298.8764705882353,104,1530
BSNHM116-24,29,3249457,0.0,16.0,0.6647173489278753,41,1539
BSNHM117-24,340,3304620,0.0,49.0,10.064327485380117,67,1539
BSNHM118-24,873,2394301,8.0,104.0,27.76608187134503,67,1539
BSNHM119-24,86,721537,0.0,70.0,1.5616438356164384,14,1533
BSNHM121-24,418,7413604,0.0,70.0,13.97265625,144,1536
BSNHM122-24,2047,14112987,0.0,160.0,74.67906066536203,435,1533
BSNHM123-24,1299,4411138,31.0,118.0,68.53620352250489,97,1533
BSNHM124-24,882,10233811,0.0,147.0,32.04696673189824,183,1533
BSNHM125-24,88,2862341,0.0,14.0,2.837573385518591,35,1533
BSNHM126-24,7082,18051900,104.0,386.0,222.17254901960786,96,1530
BSNHM128-24,72,943707,0.0,31.0,2.6003898635477585,21,1539
BSNHM129-24,121,2957025,0.0,24.0,6.255360623781677,19,1539
BSNHM131-24,353,4226478,0.0,44.0,14.91389432485323,86,1533
BSNHM132-24,595,6859051,0.0,286.0,16.962962962962962,344,1539
BSNHM133-24,136,2981148,0.0,62.0,3.2450980392156863,26,1530
BSNHM134-24,1080,7961191,0.0,146.0,42.41291585127202,540,1533
BSNHM135-24,305,3687379,0.0,34.0,12.158823529411764,57,1530
BSNHM136-24,462,3141240,0.0,40.0,20.385518590998043,128,1533
BSNHM137-24,38,650882,0.0,28.0,0.9823874755381604,6,1533
BSNHM140-24,4507,5245367,131.0,545.0,276.1539961013645,424,1539
BSNHM141-24,17209,21426728,322.0,1536.0,872.7504873294347,370,1539
BSNHM142-24,235,3428154,2.0,31.0,9.264187866927593,121,1533
BSNHM143-24,311,3474659,0.0,34.0,12.252446183953033,132,1533
BSNHM144-24,1721,14394885,2.0,216.0,67.29941291585128,168,1533
BSNHM145-24,503,3567978,0.0,59.0,22.10958904109589,232,1533
BSNHM146-24,509,10973199,0.0,176.0,15.258317025440313,182,1533
BSNHM147-24,1198,3673610,3.0,122.0,57.74901960784314,52,1530
BSNHM148-24,11932,12311696,106.0,954.0,451.041095890411,183,1533
BSNHM149-24,308,3981904,0.0,36.0,12.900195694716242,78,1533
BSNHM150-24,4537,3310343,74.0,266.0,173.01364522417154,53,1539
BSNHM151-24,7797,14354488,165.0,561.0,301.1372549019608,95,1530
BSNHM152-24,1241,8470711,21.0,203.0,56.8421052631579,278,1539
BSNHM153-24,321,6583391,0.0,176.0,8.584795321637428,312,1539
BSNHM154-24,263,4952614,1.0,32.0,13.506849315068493,258,1533
BSNHM155-24,286,2977175,0.0,38.0,11.63600782778865,67,1533
BSNHM156-24,198,2752218,0.0,44.0,5.63013698630137,17,1533
BSNHM157-24,320,4536801,0.0,33.0,12.209393346379647,105,1533
BSNHM158-24,868,14077929,2.0,86.0,34.1761252446184,92,1533
BSNHM159-24,141,4074250,0.0,30.0,5.232876712328767,54,1533
BSNHM160-24,301,2127720,0.0,51.0,9.41682974559687,31,1533
BSNHM161-24,249,5596019,0.0,106.0,14.474509803921569,561,1530
BSNHM162-24,532,544911,0.0,104.0,22.442528735632184,3,1566
BSNHM163-24,614,1965766,0.0,101.0,22.483430799220272,303,1539
BSNHM164-24,509,2274301,0.0,62.0,16.719298245614034,19,1539
BSNHM165-24,141,3219585,0.0,36.0,7.2641878669275926,244,1533
BSNHM166-24,435,3968531,2.0,35.0,21.019569471624266,99,1533
BSNHM167-24,184,1497960,0.0,30.0,6.099804305283757,6,1533
BSNHM168-24,2568,28555441,20.0,237.0,93.59686888454011,181,1533
BSNHM169-24,340,3530389,0.0,39.0,12.338551859099804,151,1533
BSNHM171-24,1863,17205384,0.0,244.0,77.71428571428571,752,1533
BSNHM172-24,1528,17165630,0.0,234.0,70.33333333333333,262,1539
BSNHM173-24,51,1716198,0.0,21.0,1.264367816091954,13,1566
BSNHM174-24,424,9869380,0.0,162.0,10.565302144249513,314,1539
BSNHM175-24,410,2519710,0.0,42.0,12.442495126705653,9,1539
BSNHM176-24,929,4018889,0.0,134.0,48.22700587084149,251,1533
BSNHM177-24,119,5804502,0.0,16.0,4.598825831702544,110,1533
BSNHM178-24,491,10440839,0.0,148.0,13.835616438356164,107,1533
BSNHM179-24,384,3502957,4.0,32.0,15.929549902152642,40,1533
BSNHM180-24,2252,11570574,8.0,496.0,73.14285714285714,417,1533
BSNHM181-24,266,3623063,0.0,46.0,10.806262230919765,54,1533
BSNHM182-24,54,1199518,0.0,24.0,1.1607843137254903,7,1530
BSNHM183-24,90,3703205,0.0,22.0,2.8226120857699804,16,1539
BSNHM184-24,619,3102865,0.0,82.0,20.57088122605364,105,1566
BSNHM185-24,625,3357846,8.0,69.0,27.56335282651072,366,1539
BSNHM186-24,588,26548399,0.0,66.0,25.238747553816047,1525,1533
BSNHM187-24,1042,9166259,0.0,607.0,22.058708414872797,65,1533
BSNHM188-24,515,4894225,10.0,53.0,25.898039215686275,136,1530
BSNHM189-24,5412,11630494,0.0,645.0,181.81996086105676,367,1533
BSNHM190-24,90,2329101,0.0,79.0,1.7632093933463797,40,1533
BSNHM191-24,1535,3107976,0.0,144.0,57.888454011741686,131,1533
UNIFI001-23,724,1684924,0.0,106.0,27.992202729044834,110,1539
UNIFI002-23,304,530341,0.0,34.0,14.639376218323587,49,1539
UNIFI003-23,271,4977620,0.0,40.0,12.309941520467836,135,1539
UNIFI004-23,140,3307090,0.0,19.0,6.237816764132553,42,1539
UNIFI005-23,849,3397829,0.0,92.0,31.639376218323587,75,1539
UNIFI006-23,5748,12023001,0.0,889.0,205.14424951267057,591,1539
UNIFI007-23,208,1209198,0.0,27.0,8.021442495126706,33,1539
UNIFI008-23,5549,27674688,0.0,1594.0,271.1267056530214,1525,1539
UNIFI009-23,114270,50546141,0.0,25656.0,5285.387914230019,16869,1539
UNIFI010-23,2978,9392055,0.0,562.0,117.18908382066277,563,1539
UNIFI011-23,2353,1690426,0.0,206.0,84.49122807017544,162,1539
UNIFI012-23,36,364071,0.0,8.0,1.4795321637426901,14,1539
UNIFI013-23,1316,1026123,0.0,168.0,44.20857699805068,118,1539
UNIFI014-23,399,2618521,0.0,44.0,18.28460038986355,151,1539
UNIFI015-23,2012,46847110,0.0,166.0,77.94541910331384,662,1539
UNIFI016-23,4970,37652180,0.0,412.0,177.0214424951267,604,1539
UNIFI017-23,397,2116843,0.0,52.0,15.189083820662768,95,1539
UNIFI018-23,3656,6837983,0.0,512.0,138.54580896686159,559,1539
UNIFI019-23,267,3663353,0.0,32.0,9.723196881091617,83,1539
UNIFI020-23,176,1378112,0.0,24.0,7.469785575048733,51,1539
UNIFI021-23,1712,8874395,0.0,241.0,69.14619883040936,582,1539
UNIFI022-23,26333,25880323,0.0,2799.0,1167.1793372319687,4707,1539
UNIFI023-23,8208,1858511,0.0,1324.0,282.6588693957115,681,1539
UNIFI024-23,75,798058,0.0,12.0,2.8460038986354776,32,1539
UNIFI025-23,17297,31828717,0.0,1530.0,840.1890838206627,1951,1539
UNIFI026-23,166724,21615011,0.0,13471.0,7550.109161793373,17730,1539
UNIFI027-23,72623,74375542,2.0,5817.0,3196.2007797270953,9214,1539
UNIFI028-23,245,927578,0.0,30.0,10.910331384015594,54,1539
UNIFI029-23,1231,6030242,0.0,150.0,48.44249512670565,196,1539
UNIFI030-23,15411,12798228,0.0,2075.0,599.8966861598441,1329,1539
UNIFI031-23,2462,7517882,0.0,263.0,98.2943469785575,441,1539
UNIFI032-23,10406,12896730,2.0,1073.0,357.76218323586744,1393,1539
UNIFI033-23,1353,5821112,0.0,140.0,48.52046783625731,158,1539
UNIFI034-23,325,1047823,0.0,30.0,13.814814814814815,106,1539
UNIFI035-23,21528,46707980,112.0,4037.0,897.2137254901961,2029,1530
UNIFI036-23,795,3132187,2.0,168.0,30.931372549019606,95,1530
UNIFI037-23,4483,13488003,3.0,584.0,195.33137254901962,3359,1530
UNIFI038-23,3178,10065526,0.0,318.0,119.46666666666667,1413,1530
UNIFI039-23,3212,8769639,0.0,406.0,113.27843137254902,768,1530
UNIFI040-23,2939,28172321,0.0,502.0,129.1409001956947,842,1533
UNIFI041-23,23246,15667031,0.0,3254.0,804.2974559686888,4071,1533
UNIFI042-23,15119,10485807,2.0,1141.0,599.3509803921569,796,1530
UNIFI043-23,501,6791005,0.0,105.0,22.109803921568627,429,1530
UNIFI044-23,298,2882379,0.0,37.0,10.925490196078432,127,1530
UNIFI045-23,2979,3916288,0.0,307.0,156.12745098039215,395,1530
UNIFI046-23,774,10308498,1.0,103.0,38.67058823529412,795,1530
UNIFI047-23,818,5903500,1.0,104.0,35.44313725490196,853,1530
UNIFI048-23,2217,35513603,0.0,868.0,65.98039215686275,3521,1530
UNIFI049-23,107217,22250384,2.0,23738.0,4212.958904109589,25455,1533
UNIFI050-23,50904,9452878,0.0,4449.0,2292.982387475538,9877,1533
UNIFI051-23,1149,4757970,1.0,143.0,55.92745098039216,886,1530
UNIFI052-23,648,8628870,2.0,67.0,31.641176470588235,253,1530
UNIFI053-23,204,473546,0.0,21.0,8.341176470588236,94,1530
UNIFI054-23,318,5597203,2.0,34.0,14.343137254901961,348,1530
UNIFI055-23,5623,25754888,4.0,656.0,254.9,590,1530
UNIFI056-23,26649,28918425,0.0,2950.0,1192.778431372549,3316,1530
UNIFI057-23,846,1335260,0.0,103.0,33.68627450980392,101,1530
UNIFI058-23,1452,16052137,0.0,153.0,57.1921568627451,307,1530
UNIFI059-23,929,3750136,0.0,135.0,34.358823529411765,242,1530
UNIFI060-23,1148,2054381,0.0,273.0,43.67058823529412,145,1530
UNIFI061-23,6225,22464988,1.0,537.0,267.15686274509807,811,1530
UNIFI062-23,1851,13975068,0.0,175.0,79.6921568627451,437,1530
UNIFI063-23,271,761810,0.0,30.0,11.874509803921569,109,1530
UNIFI064-23,8049,8021396,8.0,558.0,411.5843137254902,702,1530
UNIFI065-23,6831,17246773,0.0,677.0,320.3078431372549,1253,1530
UNIFI066-23,1452,4434254,0.0,127.0,74.0764705882353,213,1530
UNIFI067-23,3025,27733516,0.0,291.0,130.65098039215687,1693,1530
UNIFI068-23,44617,45210815,0.0,6398.0,1935.8180039138942,8013,1533
UNIFI069-23,159116,48167727,0.0,19341.0,6669.686888454012,30187,1533
UNIFI070-23,1340,5518584,0.0,109.0,60.53033268101761,379,1533
UNIFI071-23,443,685473,0.0,43.0,18.481409001956948,105,1533
UNIFI072-23,206,444402,0.0,29.0,9.142857142857142,38,1533
UNIFI073-23,10500,3473202,0.0,1621.0,468.00391389432485,1656,1533
UNIFI074-23,4178,1069584,0.0,305.0,192.94520547945206,894,1533
UNIFI075-23,241,2375433,0.0,35.0,11.342465753424657,133,1533
UNIFI076-23,9885,38969998,0.0,1913.0,506.7084148727984,2164,1533
UNIFI077-23,4870,11430792,0.0,1330.0,241.426614481409,814,1533
UNIFI078-23,3097,23391449,0.0,336.0,137.8003913894325,956,1533
UNIFI079-23,1441,4652791,0.0,145.0,65.20743639921722,256,1533
UNIFI080-23,3461,12265096,0.0,294.0,189.4716242661448,909,1533
UNIFI081-23,3848,26002423,0.0,364.0,137.19373776908023,907,1533
UNIFI082-23,11992,34630386,0.0,1098.0,465.88062622309195,3033,1533
UNIFI083-23,1916,4080093,0.0,215.0,102.6986301369863,438,1533
UNIFI084-23,385,1727476,0.0,40.0,17.162426614481408,96,1533
UNIFI085-23,24107,11895998,0.0,2917.0,1053.1409001956947,4026,1533
UNIFI086-23,29017,20468400,0.0,3034.0,1884.0587084148729,6305,1533
UNIFI087-23,16057,15943834,0.0,2074.0,1004.4618395303327,3383,1533
UNIFI088-23,520,1388322,0.0,55.0,23.01761252446184,144,1533
UNIFI089-23,21787,5952147,0.0,1660.0,1019.2641878669276,4482,1533
UNIFI090-23,6261,26647823,0.0,595.0,323.45401174168296,3889,1533
UNIFI091-23,8313,2358339,0.0,1247.0,307.7925636007828,1292,1533
UNIFI092-23,1135,5365381,0.0,221.0,46.05088062622309,181,1533
UNIFI093-23,27460,42760552,0.0,5330.0,1041.454011741683,4094,1533
UNIFI094-23,47437,11836168,0.0,4759.0,1822.6144814090019,8138,1533
UNIFI095-23,1129,12526870,0.0,136.0,44.81213307240704,334,1533
UNIFI096-23,2087,3258971,0.0,199.0,107.76608187134502,711,1539
UNIFI097-23,3804,9770375,0.0,614.0,227.14230019493178,458,1539
UNIFI098-23,3450,3828551,0.0,600.0,172.1598440545809,346,1539
UNIFI099-23,5408,2681466,0.0,811.0,280.5945419103314,383,1539
UNIFI100-23,928,7382891,0.0,81.0,43.64912280701754,292,1539
UNIFI101-23,215,163262,0.0,27.0,9.206627680311891,31,1539
UNIFI102-23,411,18558848,0.0,56.0,15.968810916179336,708,1539
UNIFI103-23,286,18222413,0.0,50.0,12.961013645224172,654,1539
UNIFI104-23,1630,1883295,0.0,183.0,109.682261208577,289,1539
UNIFI105-23,7341,11834659,0.0,779.0,537.9941520467836,1570,1539
UNIFI106-23,1453,1762518,0.0,182.0,90.42690058479532,299,1539
UNIFI107-23,798,12396924,0.0,278.0,37.24561403508772,626,1539
UNIFI108-23,172,3774175,0.0,24.0,8.43859649122807,159,1539
UNIFI109-23,1578,2289795,0.0,218.0,68.91617933723197,341,1539
UNIFI110-23,11294,22596015,0.0,2806.0,584.6861598440546,2834,1539
UNIFI111-23,52680,10601642,0.0,10080.0,3194.2124756335284,8119,1539
UNIFI112-23,83,244171,0.0,15.0,3.8732943469785575,53,1539
UNIFI113-23,1915,2591358,0.0,616.0,140.4093567251462,600,1539
UNIFI114-23,5068,1920537,0.0,672.0,303.18518518518516,996,1539
UNIFI115-23,1104,20124605,0.0,108.0,57.01559454191033,869,1539
UNIFI116-23,1320,8292202,0.0,128.0,66.07992202729045,255,1539
UNIFI117-23,274,1140924,0.0,62.0,12.95906432748538,82,1539
UNIFI118-23,1078,5355214,0.0,195.0,54.14424951267056,1896,1539
UNIFI119-23,28011,19742317,13.0,2245.0,1172.707843137255,2305,1530
UNIFI120-23,7337,7083010,0.0,543.0,326.89863547758284,1351,1539
UNIFI121-23,1571,1908673,0.0,150.0,76.42495126705653,196,1539
UNIFI122-23,11401,4623806,0.0,1163.0,579.7582846003899,2692,1539
UNIFI123-23,448,342632,0.0,54.0,20.280701754385966,52,1539
UNIFI124-23,3897,424188,0.0,502.0,170.51267056530213,233,1539
UNIFI125-23,670,152107,0.0,74.0,28.42300194931774,42,1539
UNIFI126-23,4960,640598,0.0,599.0,212.41910331384017,561,1539
UNIFI127-23,35606,2527987,1.0,3310.0,1562.524366471735,3056,1539
UNIFI128-23,849,4026454,0.0,97.0,43.578947368421055,553,1539
UNIFI129-23,208,493227,0.0,25.0,9.306042884990253,93,1539
UNIFI130-23,348,648745,0.0,39.0,16.477582846003898,134,1539
UNIFI131-23,2560,492408,0.0,355.0,124.05847953216374,78,1539
UNIFI132-23,1498,1089214,0.0,198.0,81.31176470588235,399,1530
UNIFI133-23,245,1405730,0.0,48.0,13.113060428849902,143,1539
UNIFI134-23,101,245799,0.0,20.0,5.348927875243665,28,1539
UNIFI135-23,7941,19336511,0.0,770.0,482.869395711501,1433,1539
UNIFI136-23,4299,14982977,0.0,501.0,207.18908382066277,883,1539
UNIFI137-23,211,5818635,0.0,21.0,8.916179337231968,187,1539
UNIFI138-23,760,2363366,0.0,111.0,30.826510721247562,118,1539
UNIFI139-23,694,965746,0.0,79.0,37.16374269005848,224,1539
UNIFI140-23,12397,32024643,0.0,1522.0,783.3898635477583,2579,1539
UNIFI141-23,6629,12696969,0.0,630.0,423.07212475633526,792,1539
UNIFI142-23,41,225948,0.0,12.0,1.8187134502923976,46,1539
UNIFI143-23,145,272077,0.0,18.0,6.830409356725146,35,1539
UNIFI144-23,827,738338,0.0,215.0,40.044834307992204,184,1539
UNIFI145-23,12307,15571577,0.0,1910.0,622.0409356725146,1076,1539
UNIFI146-23,1299,8391788,0.0,197.0,83.60038986354776,429,1539
UNIFI147-23,14402,11368949,0.0,1433.0,812.2046783625731,1385,1539
UNIFI148-23,141,142828,0.0,17.0,6.033138401559454,22,1539
UNIFI149-23,141,1621775,0.0,16.0,6.539961013645224,92,1539
UNIFI150-23,703,4154859,0.0,88.0,36.370370370370374,312,1539
UNIFI151-23,2684,8044894,0.0,349.0,102.53216374269006,813,1539
UNIFI152-23,138,198763,0.0,16.0,6.196881091617934,22,1539
UNIFI153-23,106,112832,0.0,20.0,5.413255360623782,17,1539
UNIFI154-23,72,129659,0.0,10.0,3.4775828460038984,23,1539
UNIFI155-23,165,810480,0.0,32.0,7.230019493177388,35,1539
UNIFI156-23,12150,16603066,0.0,2094.0,722.411306042885,2678,1539
UNIFI157-23,3266,3533528,2.0,512.0,172.2962962962963,723,1539
UNIFI158-23,200,4607103,0.0,23.0,10.970760233918128,207,1539
UNIFI159-23,16137,22698257,0.0,1704.0,855.7329434697856,2635,1539
UNIFI160-23,920,22091745,0.0,130.0,62.69200779727095,1147,1539
UNIFI161-23,863,5214065,0.0,77.0,41.16569200779727,188,1539
UNIFI162-23,92,1208562,0.0,14.0,3.8830409356725144,59,1539
UNIFI163-23,743,628840,0.0,94.0,49.05068226120858,109,1539
UNIFI164-23,1492,1064182,0.0,330.0,79.99415204678363,159,1539
UNIFI165-23,502,4557096,0.0,127.0,25.84795321637427,246,1539
UNIFI166-23,83,376538,0.0,12.0,3.844054580896686,44,1539
UNIFI167-23,1730,8983771,2.0,162.0,85.65692007797271,275,1539
UNIFI168-23,46,154155,0.0,10.0,2.6939571150097468,25,1539
UNIFI169-23,630,1992301,0.0,121.0,38.41520467836257,256,1539
UNIFI170-23,3106,10494146,0.0,372.0,201.9571150097466,822,1539
UNIFI171-23,1717,2873168,0.0,199.0,110.67446393762184,332,1539
UNIFI172-23,201,8874442,0.0,24.0,9.559454191033138,490,1539
UNIFI173-23,3451,5400543,0.0,400.0,252.10136452241716,899,1539
UNIFI174-23,472,1598593,0.0,54.0,30.43664717348928,204,1539
UNIFI175-23,904,3730907,0.0,131.0,44.90448343079922,165,1539
UNIFI176-23,1548,676143,0.0,167.0,67.13255360623782,200,1539
UNIFI177-23,21274,3312329,0.0,1685.0,1174.615984405458,1823,1539
UNIFI178-23,7081,17549705,0.0,841.0,422.953216374269,1433,1539
UNIFI179-23,3913,3794540,0.0,493.0,270.57504873294346,755,1539
UNIFI180-23,838,1662696,0.0,88.0,50.38791423001949,285,1539
UNIFI181-23,10603,20882657,0.0,1063.0,551.280701754386,1570,1539
UNIFI182-23,203,291792,0.0,44.0,9.224171539961013,73,1539
UNIFI183-23,194,543554,0.0,34.0,11.185185185185185,51,1539
UNIFI184-23,155,869634,0.0,28.0,7.483430799220273,155,1539
UNIFI185-23,3284,5940585,0.0,368.0,198.52826510721246,576,1539
UNIFI186-23,51,591149,0.0,8.0,2.206627680311891,110,1539
UNIFI187-23,190,714008,0.0,28.0,9.345029239766081,70,1539
UNIFI188-23,963,18184120,0.0,115.0,42.72904483430799,359,1539
UNIFI189-23,1505,2509050,0.0,180.0,83.51656920077973,262,1539
UNIFI190-23,167,8486046,0.0,18.0,7.052631578947368,368,1539
